date,mean_max_temp,mean_min_temp,mean_max_apparent_temp,mean_min_apparent_temp,mean_total_precipitation,mean_wind_speed
2023-04-01,21.52,10.885,21.7,12.2,9.261000000000001,31.393333333333334
2023-04-02,13.6075,2.8075,11.2,-0.4,0.9286666666666666,36.434666666666665
2023-04-03,15.072500000000002,2.1174999999999997,14.3,1.0,0.0,26.442666666666668
2023-04-04,20.7625,8.0375,22.2,8.3,0.0,22.911999999999995
2023-04-05,15.5125,9.982500000000002,14.3,5.7,0.034,25.542666666666666
2023-04-06,25.415,9.275,25.6,6.4,4.500666666666667,22.540000000000003
2023-04-07,18.1675,8.61,16.1,5.9,0.03333333333333333,28.548000000000002
2023-04-08,10.9,3.355,11.1,0.1,0.0,22.509333333333334
2023-04-09,13.0175,4.2125,12.8,3.6,0.03333333333333333,21.80666666666667
2023-04-10,17.5325,4.615,18.8,4.5,0.0,21.406666666666666
2023-04-11,22.4925,8.8925,23.3,11.1,0.0,27.99333333333333
2023-04-12,26.307499999999997,16.5275,27.3,18.4,0.0,26.648
2023-04-13,29.735,16.205,29.7,19.9,0.0,23.542666666666673
2023-04-14,31.6625,17.700000000000003,30.1,21.1,0.0,20.730666666666668
2023-04-15,23.8725,15.6825,23.4,15.6,1.6643333333333334,20.664
2023-04-16,20.055,14.1275,20.6,14.3,0.12333333333333334,17.630666666666666
2023-04-17,19.7,12.5175,19.4,12.2,0.8816666666666667,28.423999999999996
2023-04-18,14.7075,8.520000000000001,13.9,5.9,0.03333333333333333,31.326666666666668
2023-04-19,17.464999999999996,6.699999999999999,17.9,5.8,0.0,26.98133333333333
2023-04-20,19.4375,7.9925,18.3,5.4,0.2333333333333333,15.525333333333336
2023-04-21,20.56,10.0075,21.1,10.6,0.0,21.764
2023-04-22,20.740000000000002,11.239999999999998,18.4,10.6,5.549333333333333,27.445333333333334
2023-04-23,19.77,11.1325,19.9,12.2,34.99400000000001,22.661333333333335
2023-04-24,16.7825,7.4525,15.7,5.1,0.0,20.373333333333335
2023-04-25,15.5175,6.805000000000001,15.0,7.7,0.09999999999999999,15.158666666666667
2023-04-26,15.5675,7.42,14.3,7.4,0.7806666666666667,20.737333333333332
2023-04-27,14.885,8.52,13.4,10.6,1.5,16.670666666666666
2023-04-28,13.162500000000001,8.8125,12.8,5.9,3.496,21.430666666666667
2023-04-29,12.385,9.2825,11.7,5.9,56.165666666666674,27.727999999999998
2023-04-30,14.8625,10.58,15.7,7.7,32.94,25.045333333333332
2023-05-01,15.3,9.235,16.2,7.7,11.834999999999999,34.196
2023-05-02,13.7925,8.5225,13.3,7.1,4.099333333333333,26.312
2023-05-03,12.22,7.4425,13.4,5.9,0.3343333333333333,22.324
2023-05-04,11.96,7.755000000000001,12.2,6.8,3.7046666666666668,19.83066666666667
2023-05-05,16.3775,7.595000000000001,17.8,8.0,0.2383333333333333,16.404
2023-05-06,21.1675,8.295,22.8,8.4,0.0,16.304
2023-05-07,24.2225,11.2675,25.0,13.3,0.6960000000000001,18.804
2023-05-08,24.2925,14.1575,24.4,14.4,1.8166666666666664,23.066666666666666
2023-05-09,19.4475,11.8225,21.1,12.9,0.7000000000000001,20.67866666666667
2023-05-10,22.04,10.5775,22.2,10.6,0.0,15.058666666666667
2023-05-11,26.557499999999997,12.52,26.2,13.9,0.0,18.294666666666668
2023-05-12,29.619999999999997,16.2225,29.0,18.8,0.0,19.173333333333332
2023-05-13,26.5525,19.6975,27.0,21.7,0.0,19.900000000000002
2023-05-14,24.4575,14.5,23.3,15.6,0.0,20.04
2023-05-15,24.005,10.635,22.9,11.2,0.0,20.973333333333333
2023-05-16,26.34,13.5975,25.7,15.0,0.0,26.5
2023-05-17,21.369999999999997,11.715,21.7,11.7,0.0,27.88133333333333
2023-05-18,17.28,6.8525,15.6,6.2,0.0,25.400000000000002
2023-05-19,20.564999999999998,10.537500000000001,20.6,11.7,0.0,29.67866666666666
2023-05-20,18.47,13.2,18.4,13.9,14.216333333333333,20.68133333333333
2023-05-21,21.755,12.8775,20.7,13.3,1.1233333333333333,24.276
2023-05-22,22.5475,13.8875,23.3,13.9,0.06666666666666667,22.24266666666667
2023-05-23,21.290000000000003,12.3575,21.1,12.9,0.0,20.004
2023-05-24,24.1625,11.7175,24.4,11.7,0.651,22.258666666666667
2023-05-25,21.1525,9.56,19.4,10.6,0.5566666666666666,32.217333333333336
2023-05-26,22.9825,10.6175,22.2,11.7,0.0,21.045333333333332
2023-05-27,25.0225,12.615,25.6,13.4,0.0,17.952
2023-05-28,24.747500000000002,14.327499999999999,25.6,15.6,0.0,19.551999999999996
2023-05-29,25.7175,15.6025,26.1,16.7,0.0,28.733333333333334
2023-05-30,22.85,12.387500000000001,21.7,13.3,0.0,21.442666666666668
2023-05-31,25.13,10.6575,24.9,10.7,0.0,15.804
2023-06-01,29.7775,14.315000000000001,28.5,15.0,0.0,14.256
2023-06-02,32.08,17.87,30.8,18.8,2.0003333333333333,14.434666666666667
2023-06-03,22.7725,15.572500000000002,20.6,14.3,0.48666666666666664,23.22666666666667
2023-06-04,19.544999999999998,10.065000000000001,20.6,9.4,0.0,25.53333333333333
2023-06-05,24.21,12.357500000000002,23.8,13.3,0.0,22.209333333333337
2023-06-06,25.8075,15.1525,25.6,15.7,0.972,24.323999999999998
2023-06-07,23.635,13.9925,20.6,14.3,0.0,23.766666666666666
2023-06-08,21.7775,12.6125,21.7,12.9,0.0,17.676000000000002
2023-06-09,20.9875,13.8975,22.2,14.3,0.5166666666666667,17.418666666666667
2023-06-10,25.2925,13.4375,25.0,14.4,0.06666666666666667,20.03066666666667
2023-06-11,28.002499999999998,17.22,27.2,18.3,0.9716666666666666,20.930666666666667
2023-06-12,25.467499999999998,19.7175,24.4,19.4,4.109333333333333,29.03333333333333
2023-06-13,26.744999999999997,16.91,25.7,17.9,4.683333333333334,23.176000000000002
2023-06-14,24.54,16.689999999999998,23.9,17.9,7.8663333333333325,26.609333333333336
2023-06-15,25.4125,15.4825,25.0,16.2,0.07666666666666667,24.457333333333327
2023-06-16,26.357499999999998,17.1875,25.7,17.9,11.764333333333333,18.173333333333336
2023-06-17,25.490000000000002,16.2075,25.0,16.7,0.501,29.490666666666666
2023-06-18,26.27,16.5275,26.6,17.2,0.0,25.081333333333333
2023-06-19,26.495,17.93,27.3,18.8,0.19999999999999998,17.937333333333335
2023-06-20,24.915,17.72,25.0,17.8,0.0,18.727999999999998
2023-06-21,23.015,16.4825,22.2,16.7,0.0,28.024
2023-06-22,20.3275,15.3325,21.7,15.7,2.5486666666666666,27.64533333333333
2023-06-23,23.1325,17.532500000000002,21.7,18.3,2.1426666666666665,19.486666666666665
2023-06-24,26.027500000000003,20.45,25.6,20.6,7.065333333333334,17.734666666666666
2023-06-25,28.64,20.8525,30.6,21.7,3.907,19.637333333333334
2023-06-26,27.3825,20.35,25.6,21.1,12.050333333333333,18.692
2023-06-27,25.81,19.6475,24.4,19.4,10.839999999999998,18.876
2023-06-28,27.095,19.4425,27.9,19.4,0.77,21.273333333333337
2023-06-29,28.695,18.119999999999997,27.3,18.4,0.0,18.360000000000003
2023-06-30,29.2825,19.6875,28.3,21.1,0.0,19.525333333333332
2023-07-01,27.6025,19.3775,27.9,20.6,0.0,21.50666666666667
2023-07-02,28.7375,20.7075,31.9,21.2,7.473,21.540000000000003
2023-07-03,31.130000000000003,22.205,33.1,22.9,9.610333333333335,20.624
2023-07-04,29.5875,22.5675,30.3,22.9,4.105666666666667,15.952
2023-07-05,32.925,22.022499999999997,34.3,22.2,0.03333333333333333,13.444
2023-07-06,32.135,22.7275,33.9,24.4,0.06666666666666667,21.74
2023-07-07,30.315,22.84,32.7,23.9,0.13333333333333333,19.118666666666666
2023-07-08,30.1975,23.02,34.0,24.4,1.3903333333333334,34.25333333333334
2023-07-09,27.7725,22.549999999999997,29.2,22.4,10.556333333333333,23.126666666666665
2023-07-10,28.585,22.0925,29.0,22.2,5.636333333333333,18.38533333333333
2023-07-11,31.465,20.045,30.6,20.6,0.0,17.052
2023-07-12,32.6875,22.6775,31.6,24.4,0.0,16.525333333333336
2023-07-13,32.385000000000005,23.625,34.1,25.0,0.06833333333333334,30.16
2023-07-14,29.56,22.682499999999997,31.0,22.2,9.811,24.409333333333336
2023-07-15,30.4725,22.3925,34.3,22.2,6.061666666666667,23.02666666666667
2023-07-16,26.88,23.8,25.7,23.4,31.781666666666666,22.66
2023-07-17,31.6725,22.52,32.5,23.3,2.4033333333333333,21.340000000000003
2023-07-18,29.515,22.945,31.7,22.9,6.611999999999999,21.364000000000004
2023-07-19,26.64,21.567500000000003,26.2,22.8,3.673,15.458666666666668
2023-07-20,29.395,21.425,29.7,22.8,0.06666666666666667,19.873333333333335
2023-07-21,28.955000000000002,21.61,29.8,21.8,15.558333333333332,20.278666666666666
2023-07-22,28.994999999999997,19.93,28.1,21.1,0.0,19.061333333333334
2023-07-23,30.1675,19.6675,29.2,20.7,0.0,18.93733333333333
2023-07-24,29.6875,21.8125,30.1,23.8,0.03333333333333333,22.312
2023-07-25,29.8325,21.245,31.6,20.7,11.145666666666665,18.74266666666667
2023-07-26,31.169999999999998,19.8575,31.5,20.0,3.8666666666666667,24.957333333333334
2023-07-27,33.5075,22.79,37.4,23.9,1.6026666666666667,27.957333333333334
2023-07-28,33.652499999999996,23.86,34.9,23.9,1.7666666666666666,22.526666666666667
2023-07-29,32.1125,24.067500000000003,33.9,23.8,4.987333333333334,23.097333333333335
2023-07-30,27.63,19.195,26.2,18.8,0.0,23.714666666666663
2023-07-31,28.7025,18.7425,27.7,18.9,0.0,17.628
2023-08-01,27.34,18.932499999999997,26.3,18.9,0.0,18.973333333333333
2023-08-02,27.165,17.0225,26.3,17.8,0.0,17.112
2023-08-03,26.93,18.33,26.2,19.3,0.06666666666666667,27.666666666666668
2023-08-04,25.775,21.0775,24.4,21.7,0.2333333333333333,24.166666666666668
2023-08-05,29.587500000000002,20.71,28.9,21.7,0.0,17.352
2023-08-06,29.8275,20.2275,29.7,20.7,0.0,20.737333333333336
2023-08-07,26.85,20.6375,28.5,20.7,20.719666666666665,26.706666666666667
2023-08-08,27.122500000000002,21.215,26.2,21.2,8.805,31.76
2023-08-09,29.845,20.235,29.0,20.7,0.0,27.884
2023-08-10,28.197499999999998,20.97,28.0,21.2,12.513,22.233333333333334
2023-08-11,29.307499999999997,18.9775,28.7,19.4,3.3333333333333335,22.34266666666667
2023-08-12,29.4875,20.247500000000002,31.2,21.1,0.429,24.73333333333333
2023-08-13,30.5475,21.849999999999998,31.6,20.7,9.227666666666668,21.942666666666668
2023-08-14,29.9725,21.5075,30.6,22.8,0.3,15.585333333333333
2023-08-15,27.630000000000003,21.15,26.1,21.2,15.545666666666667,21.724
2023-08-16,27.869999999999997,20.795,28.5,20.7,14.07,16.292
2023-08-17,26.7975,22.2375,25.7,22.8,0.6346666666666666,20.873333333333335
2023-08-18,27.3525,19.69,26.2,19.2,19.802,24.509333333333334
2023-08-19,26.59,17.0225,25.7,17.2,0.0,23.75733333333333
2023-08-20,29.655,18.0775,28.6,18.9,0.0,18.418666666666667
2023-08-21,31.1475,21.5375,31.9,22.8,0.0,16.358666666666668
2023-08-22,27.12,18.752499999999998,26.1,19.4,0.0,24.25466666666667
2023-08-23,26.1475,17.93,26.2,18.3,0.0,17.628
2023-08-24,23.4075,19.055,22.9,19.4,4.130333333333334,23.733333333333334
2023-08-25,25.905,20.7025,25.7,21.2,8.005999999999998,22.451999999999998
2023-08-26,30.25,20.8825,30.0,23.2,3.513666666666667,17.865333333333336
2023-08-27,28.195,19.1275,28.6,21.1,0.0,17.570666666666668
2023-08-28,25.4725,20.612499999999997,23.9,21.7,0.0,17.301333333333336
2023-08-29,25.445,19.955,26.1,20.0,0.09999999999999999,16.504
2023-08-30,29.32,20.9575,28.8,21.7,6.178333333333334,24.173333333333336
2023-08-31,25.7625,17.580000000000002,24.3,18.3,0.0,25.93466666666667
2023-09-01,25.5625,15.6475,23.8,16.1,0.0,18.546666666666667
2023-09-02,27.43,17.002499999999998,25.7,16.7,0.0,18.104
2023-09-03,32.557500000000005,19.785,31.6,20.6,0.0,18.53066666666667
2023-09-04,33.4725,23.63,32.3,22.9,0.17400000000000002,16.94
2023-09-05,34.165,24.3425,35.2,23.9,0.06666666666666667,11.556
2023-09-06,34.4325,25.185,35.8,25.0,0.0,14.704
2023-09-07,34.5075,25.155,36.3,26.1,0.7666666666666666,19.137333333333334
2023-09-08,31.677500000000002,22.7575,36.3,22.2,1.5483333333333331,22.79733333333333
2023-09-09,29.919999999999998,22.8475,31.4,21.2,3.982666666666667,20.585333333333335
2023-09-10,27.1525,21.895,24.3,20.7,15.477333333333334,16.525333333333332
2023-09-11,28.105,21.244999999999997,28.7,21.2,15.945000000000002,12.904000000000002
2023-09-12,28.53,19.46,28.3,20.0,5.08,16.738666666666667
2023-09-13,25.947499999999998,19.9125,25.7,21.8,13.985999999999999,16.561333333333334
2023-09-14,25.11,17.165,24.4,18.4,0.0,20.052000000000003
2023-09-15,22.1275,13.635000000000002,20.0,14.3,0.0,25.66133333333333
2023-09-16,24.16,15.225,23.4,15.7,0.0,25.745333333333335
2023-09-17,25.685,14.32,24.4,15.0,1.9776666666666667,18.12666666666667
2023-09-18,21.3675,17.27,20.0,16.7,26.414666666666665,24.618666666666666
2023-09-19,23.6075,13.7575,22.2,14.4,0.6633333333333333,25.012
2023-09-20,23.822499999999998,13.64,22.3,14.4,0.0,19.697333333333333
2023-09-21,23.7525,13.395,21.7,14.3,0.0,14.725333333333333
2023-09-22,21.895,13.8375,21.1,15.0,0.0033333333333333335,25.142666666666667
2023-09-23,18.42,13.645,17.2,13.9,27.323333333333334,34.05733333333333
2023-09-24,18.0325,14.42,18.8,16.7,14.610000000000001,31.889333333333337
2023-09-25,16.9675,13.965,18.3,13.9,27.823666666666668,33.38
2023-09-26,16.802500000000002,13.3975,15.7,13.4,2.392,29.72
2023-09-27,18.52,10.657499999999999,17.3,10.7,0.0,23.776
2023-09-28,19.1075,12.875,17.9,13.3,1.072,21.900000000000002
2023-09-29,17.095,14.6875,17.2,15.6,75.89633333333335,27.426666666666666
2023-09-30,19.142500000000002,13.8325,18.8,14.0,6.155666666666668,21.866666666666664
2023-10-01,24.73,13.967500000000001,24.4,15.0,0.0,18.361333333333334
2023-10-02,25.47,16.995,25.0,17.2,0.0,15.470666666666666
2023-10-03,27.3375,14.7375,27.1,16.1,0.0,14.497333333333335
2023-10-04,27.9875,17.985,28.5,18.8,0.0,12.177333333333332
2023-10-05,25.28,15.3625,24.4,17.2,0.0,14.892000000000001
2023-10-06,21.9175,17.485,21.7,19.3,2.265,15.078666666666669
2023-10-07,21.0325,13.58,21.1,12.2,10.318666666666667,28.51733333333333
2023-10-08,15.6425,9.26,14.4,7.7,0.006666666666666667,27.478666666666665
2023-10-09,16.705,8.3475,15.0,7.0,0.006666666666666667,22.23333333333333
2023-10-10,19.5925,12.835,16.7,11.7,0.6546666666666666,21.673333333333336
2023-10-11,20.7125,12.288499999999999,19.23675,12.133648,0.0,18.91519375
2023-10-12,20.1565,11.8725,19.550976,11.991938999999999,0.0,14.220778500000002
2023-10-13,18.4645,10.574499999999999,15.7953575,9.899064,0.0,16.9386655
2023-10-14,14.982499999999998,9.4925,13.1224045,7.1729366500000005,16.187749750000002,17.481551000000003
2023-10-15,15.638499999999999,9.4985,12.9648905,7.30500575,2.0855,24.56906675
2023-10-16,16.4465,8.0245,15.745410499999998,7.0263838,0.38600002499999997,18.848285
2023-10-17,16.419900000000002,10.1725,15.7530645,9.548418,0.5449999999999999,15.191895
2023-10-18,17.1519,11.393899999999999,16.823709,10.4940775,0.0,10.84955205
2023-10-19,18.481900000000003,10.9259,17.103978499999997,9.575084,0.0025,19.81375675
2023-10-20,17.3159,14.3118998,17.7632755,13.928822499999999,15.9905,23.210620000000002
2023-10-21,16.8619,12.5658998,17.237516,11.7801175,9.47875,28.1643155
2023-10-22,14.1839,8.5538998,11.4365855,5.55852975,0.025,29.7970775
2023-10-23,15.4559,6.7339,14.2992075,4.48100445,0.0,26.89953825
2023-10-24,18.1579,6.681900000000001,17.0537015,6.467455750000001,0.0,15.01195525
2023-10-25,21.6559,10.593900000000001,21.6505095,9.60040435,0.0,17.13919325
2023-10-26,25.0499,13.7398998,25.5504255,13.1413875,0.0,15.49340725
2023-10-27,24.7538998,14.3898998,23.55049,15.94218025,0.0,16.52573825
2023-10-28,26.5619,16.8199,26.813313,17.820904,0.0,19.38370725
2023-10-29,18.7078998,10.5258998,17.111315,9.316507,13.815000000000001,21.78677075
2023-10-30,14.3379,9.2118998,15.125344,6.4077072,10.36275,21.96927875
2023-10-31,11.6838998,6.1039,9.3703895,4.5511508,0.08,22.69896525
2023-11-01,9.7239,3.44989998,7.40888375,0.46413080000000007,0.956,27.960302
2023-11-02,9.7399,0.613899996,6.851569,-2.22921325,0.0,19.2854995
2023-11-03,13.887899999999998,4.2399000000000004,10.908932,1.2561922,0.0,19.385865000000003
2023-11-04,15.3439,6.9179,14.4493305,4.7048143499999995,0.0,16.66952525
2023-11-05,17.5219,8.7239,16.711081,7.804651,0.0,14.129677
2023-11-06,14.1618998,5.9219,12.4420245,3.5700871,0.0,18.075422
2023-11-07,17.7179,10.8019,16.850983,10.46066675,0.5465,22.719282749999998
2023-11-08,13.515899999999998,5.9679,10.607523,1.88389225,0.095,23.452999
2023-11-09,14.6458998,5.3739000599999995,13.696865500000001,2.4326410000000003,0.01,15.266487249999999
2023-11-10,12.5379,7.0299000000000005,9.77386865,5.23820145,0.01,17.88725725
2023-11-11,12.2618998,4.931900000000001,10.3048195,2.9170010499999997,0.0,21.802443750000002
2023-11-12,8.859900060000001,1.49990002,5.0371085,-1.6064469,0.0,17.3118055
2023-11-13,9.7159,0.8139,7.1214260000000005,-1.964038,0.0,16.347016000000004
2023-11-14,11.4179,4.2519,9.22425425,2.616076995,0.0025,26.363461
2023-11-15,11.001900000000001,2.61390002,9.76145135,1.1052046500000001,0.0,17.692267750000003
2023-11-16,17.7599,5.7319,17.071219999999997,4.12505075,0.0,15.43964
2023-11-17,18.4859,8.9179,18.004808,7.6393185,0.0,22.632749750000002
2023-11-18,15.859899799999999,5.04790006,16.3099855,1.87861204,0.0635,27.122609
2023-11-19,12.5138998,2.9039,10.638165,0.35919104999999996,0.0,24.83956225
2023-11-20,8.5419,1.52790001,4.29882115,-1.2090071,0.0,20.8350375
2023-11-21,8.1099,0.007900000000000018,5.24123795,-3.8490399999999996,6.29499985,28.1337905
2023-11-22,13.5078998,7.987900000000001,10.759663499999998,4.13732055,50.294250000000005,34.740469
2023-11-23,11.637899800000001,5.4899000000000004,9.8131345,2.9325172,0.0675,27.380255749999996
2023-11-24,9.6939,1.8259000100000002,8.09722165,-4.3857972,0.0,24.6829935
2023-11-25,6.071899999999999,-1.4861,2.69344705,-4.82565885,0.0,20.85836925
2023-11-26,9.7898998,0.5179,9.0997387,-1.7300847999999998,3.72,18.7633295
2023-11-27,11.649899999999999,3.3579,10.54328,-0.6565267,8.57475,28.383729749999997
2023-11-28,4.8999,-1.1601,-0.8292144000000001,-5.4694875,0.005,29.0393155
2023-11-29,2.83189998,-3.9960999999999998,-0.7012501999999999,-8.748538499999999,0.0,24.919818999999997
2023-11-30,9.2839,-1.1361000200000002,7.9765563,-4.73412665,0.0,19.104723999999997
2023-12-01,9.3139,3.6498999999999997,7.9010083,1.4666067999999999,4.996499999999999,15.0528825
2023-12-02,13.1179,7.00990006,14.338517,5.8451901500000005,1.2,13.190199250000001
2023-12-03,12.259899999999998,7.7119,9.931702,5.875624,18.56399975,24.29552075
2023-12-04,10.3359,5.775900000000001,8.912801,2.4907317,0.0825,24.079489
2023-12-05,6.859899999999999,2.73589998,4.095773749999999,-0.24279334999999996,0.0,16.7804495
2023-12-06,5.1379,0.5899000059999999,1.8802448749999998,-3.807415,0.0025,23.1961
2023-12-07,4.177899979999999,-1.6061,0.8321965200000001,-4.5970341999999995,0.0875,20.112061750000002
2023-12-08,9.4579,0.8199,8.09472515,-0.7955055500000001,0.0,16.21121575
2023-12-09,12.745900000000002,4.52989996,13.665588750000001,2.650469637,0.0,10.6627465
2023-12-10,14.491900000000001,6.623900000000001,15.112481,7.486749,17.80225,22.66696
2023-12-11,12.081899799999999,3.0239000000000003,9.7622685,-1.62490815,23.733250499999997,40.6218765
2023-12-12,6.6019000000000005,1.1379000000000001,3.77492435,-2.50728365,0.0,24.7293385
2023-12-13,7.165899999999999,2.0439,4.677773999999999,-1.8315072,0.0,23.164109250000003
2023-12-14,5.3719,-0.09009999000000002,2.18255415,-4.4740417500000005,0.0,20.729950000000002
2023-12-15,12.9619,2.1219,12.106168,-2.3696478500000002,0.0,18.679202500000002
2023-12-16,11.7378998,5.81390006,10.608068,3.89315165,0.0,17.31763825
2023-12-17,12.707899999999999,7.6319001,12.782516000000001,5.487126,5.97175,21.86397775
2023-12-18,15.413900000000002,7.0999,15.8489995,1.990622425,49.63900099999999,44.887213
2023-12-19,6.623900000000001,0.6639,3.2345736499999997,-4.207807,0.015,28.565776500000002
2023-12-20,6.6339,-0.8341,5.125711,-6.41797865,0.0,22.5204145
2023-12-21,5.7339,0.21389999999999998,1.3578933499999999,-5.85011425,0.0,21.61634
2023-12-22,3.7319000000000004,-2.4341,1.0365750299999998,-7.737926,0.0,17.11586475
2023-12-23,6.179899999999999,0.8379,3.8802594,-2.535536,0.0,10.383348250000001
2023-12-24,7.5799,4.32789996,8.20332135,2.0779382699999998,0.761,9.390324399999999
2023-12-25,9.407900000000001,5.7939,8.32263315,3.951995,0.0,10.925259
2023-12-26,10.027899999999999,5.9119,9.207921299999999,4.76809615,0.0,9.745498375
2023-12-27,9.5438998,7.135900000000001,7.0578789,4.54790705,8.4705,18.14182625
2023-12-28,11.167899799999999,8.751900000000001,11.4347385,5.6664390000000004,32.977250000000005,28.781726
2023-12-29,12.129900000000001,8.0499,10.9911015,5.68679,1.065,16.404795
2023-12-30,8.7639,4.0659,6.13161335,-0.15097190000000005,0.11499999999999999,22.9421685
2023-12-31,6.89390006,2.7338999800000003,4.1055892,-0.2694892,0.0,20.0743475
2024-01-01,6.9819,3.3699,5.999909000000001,-0.68911835,0.28275,14.44362375
2024-01-02,6.475900060000001,-1.1041,3.35605095,-5.970943,0.0,17.296426625000002
2024-01-03,6.4719,0.7679,3.30963165,-3.6660969999999997,0.0,16.6553185
2024-01-04,6.2019,-0.42609998000000004,2.7110595699999998,-7.7011315,0.0,32.410154
2024-01-05,3.8138999999999994,-2.5401,-0.2605582000000001,-9.852602000000001,0.0,28.92609925
2024-01-06,3.29189998,-0.8341000000000001,0.12589214999999998,-5.1217315,5.58849975,23.156213
2024-01-07,2.1359000000000004,0.9399000000000001,0.22769045,-3.60401,10.06324975,31.291128500000003
2024-01-08,5.4439,0.8419000000000001,4.25881445,-2.941795,0.0,24.093740999999998
2024-01-09,10.9179,0.3379,10.224496,-1.5875478500000002,26.887999999999998,41.684477
2024-01-10,13.681900000000002,5.8739,12.65755025,1.943518877,25.7055,46.1878225
2024-01-11,8.1099,3.5759,4.950008,0.87068634,0.0,29.336703000000004
2024-01-12,8.4139,2.5439,7.6012348,-0.3454311000000001,1.004,25.684033749999998
2024-01-13,14.201899800000001,2.7839,13.7128315,-3.609997,26.160249999999998,37.7024015
2024-01-14,5.2579,-2.1461000400000003,0.5389221500000001,-7.7370235,0.015,38.5498975
2024-01-15,-0.37209999999999993,-4.506100000000001,-4.4484070000000004,-9.63699,0.24875,27.791589000000002
2024-01-16,-0.49009999000000004,-4.02409994,-4.848497500000001,-10.635815999999998,7.3764995,23.752222250000003
2024-01-17,-3.6581,-8.1541002,-10.397573000000001,-15.275491500000001,0.2775,27.287255749999996
2024-01-18,-1.2181000000000002,-6.2241,-2.7998425,-12.787317999999999,0.0675,23.840708125
2024-01-19,-0.570099994,-3.77409994,-2.5601092,-8.833622,1.9255,18.24787275
2024-01-20,-3.5881,-8.6801,-9.091638,-14.7507,0.14500000000000002,29.568951
2024-01-21,-1.6201,-7.1041,-6.679959,-13.769608,0.0,32.019194999999996
2024-01-22,1.83789998,-5.2461,-1.2190666499999998,-10.2209215,0.0,22.950117499999998
2024-01-23,3.2579000000000002,0.12389999999999997,2.89323965,-4.320831699999999,0.83225,18.934709249999997
2024-01-24,5.50190006,1.7838999999999998,5.671337,-0.52235615,2.9245,11.64026475
2024-01-25,10.6539,5.25190006,13.77245,5.6649724,9.092749999999999,13.45137625
2024-01-26,8.4138998,4.7019,7.0328127,1.99578275,3.408750025,20.29337425
2024-01-27,7.623900000000001,4.9579,7.103207,3.35724365,0.015,15.75403375
2024-01-28,5.7399000000000004,2.6778999800000003,3.6022295,-2.39490015,20.2795,31.789905
2024-01-29,4.2939,1.7119,0.8638749499999999,-2.70262035,1.44675,26.587774000000003
2024-01-30,2.7439,0.5599000002000001,1.24954405,-2.9116076499999997,0.00275,18.07803375
2024-01-31,4.04989996,1.229900006,2.14547577,-2.6062766,0.31275,15.119777249999999
2024-02-01,7.59990006,2.2819,5.689788,-1.17433385,0.0,15.796139250000001
2024-02-02,6.4699,3.3479,5.4520837,-0.90149945,6.6117498999999995,21.84763075
2024-02-03,5.453899999999999,-0.1041,2.0428224084999997,-4.7410815,0.0,24.572621499999997
2024-02-04,6.7158999999999995,-1.1861000000000002,5.16124065,-5.3268875,0.0,17.59236925
2024-02-05,6.5919,-0.4061,2.96636105,-4.08014425,0.0,25.99216325
2024-02-06,5.4599,-1.9801000000000002,2.33632393,-7.4546735,0.0,21.4989575
2024-02-07,7.2339,-0.23209999999999997,6.448437,-3.8148535,0.0,16.75240575
2024-02-08,9.1818998,1.1579000012,9.8093225,-0.43476190000000003,0.0,11.8332595
2024-02-09,10.9278998,4.4159,10.2313955,2.57184553,0.0,15.762910999999999
2024-02-10,13.0459,5.8399,13.800296,4.2572454,0.17,16.747937999999998
2024-02-11,11.7618998,5.84190006,11.158419,3.547016,0.0,19.81221275
2024-02-12,8.291900000000002,2.29190002,7.0938987000000004,-0.38190525,0.0225,13.62903375
2024-02-13,5.7779,0.4279,1.23413086,-5.1342573,22.7485,27.819621499999997
2024-02-14,1.7779,-2.29610002,-1.1182645,-8.9830615,0.0,34.287044249999994
2024-02-15,2.72989996,-3.9981,0.32242674999999993,-8.5086925,0.03,26.51041225
2024-02-16,5.1899,1.0199000100000002,1.67031088,-4.08000215,0.01,34.530015
2024-02-17,3.3679,-1.5620999999999998,-0.7661661999999999,-7.53678,5.0545,26.824349499999997
2024-02-18,2.5739,-4.25009994,0.7814282499999998,-10.0527705,0.745,31.804306750000002
2024-02-19,4.60390006,-0.4401,1.25670378,-4.7827791,0.0,28.8370245
2024-02-20,3.2159,-2.8741,1.40122776,-8.3905575,0.0,17.14193025
2024-02-21,4.7539,-1.26010002,1.80878855,-6.018758,0.0,15.656369000000002
2024-02-22,5.791900060000001,0.27589999600000004,3.5725016999999997,-2.3008865,0.133,18.997619
2024-02-23,7.1019000000000005,4.7259,6.8044642500000005,2.91026975,3.6135000250000004,16.33722375
2024-02-24,5.7979,-0.49209998000000005,3.6923991000000003,-5.685442650000001,0.0,24.137282749999997
2024-02-25,3.6418999999999997,-4.2821,1.8966208999999998,-9.590509,0.0,20.3039575
2024-02-26,10.5759,0.8899000059999999,10.322067,-3.38368325,0.078,18.417679500000002
2024-02-27,11.5739,4.1918999800000005,10.576037,1.3027142,5.12225,17.16269175
2024-02-28,13.797899999999998,7.9899000000000004,14.1788155,4.0762288,9.498,33.847496
2024-02-29,7.9779,-0.5861,1.40056624415,-7.7420525,2.06,41.24708075000001
2024-03-01,7.091900000000001,-1.02610004,5.6641406000000005,-6.49717135,0.0,25.525186249999997
2024-03-02,9.1919,4.431900000000001,10.9529355,1.3308488600000001,18.761750000000003,19.211518
2024-03-03,17.1419,7.7799000000000005,18.618522,6.3696044999999994,3.3634999999999997,18.677770000000002
2024-03-04,14.863900000000001,8.3039,12.469858,4.947925,0.005,18.109937249999998
2024-03-05,9.08990006,5.967899999999999,6.6648778,0.399253655,8.614249749999999,28.4791625
2024-03-06,10.2019,7.6979,10.247902,3.92885025,23.243000000000002,24.946152750000003
2024-03-07,11.0658998,7.491899999999999,9.885850999999999,4.4646981,8.14925,28.0703245
2024-03-08,11.607899800000002,3.8339,11.5856955,0.5630228500000001,0.0,23.138768499999998
2024-03-09,9.2759,4.9719,5.05285685,1.122636795,14.78375,29.778584000000002
2024-03-10,10.097900000000001,3.2798999799999997,7.247588500000001,-2.2039616499999997,14.405750000000001,39.40981575
2024-03-11,9.8659,1.5839,6.9288507,-4.82506985,0.0875,46.8672435
2024-03-12,17.3899,5.1679,16.0339275,1.646204375,0.0,32.27911425
2024-03-13,17.5899,8.465900000000001,15.0282845,6.9353812,0.0125,20.407709999999998
2024-03-14,21.0178998,8.5979,21.8372815,4.8091164,0.0,16.30515075
2024-03-15,20.8638998,11.1598998,20.5981785,10.108369,1.2475,28.000444
2024-03-16,15.3739,7.4579,14.1855935,5.54472,0.0,22.95710725
2024-03-17,15.775900000000002,9.6979,13.886567,8.0325735,0.0,31.41867575
2024-03-18,11.44525,4.880250025,5.374753,-2.4102595,0.0,28.762555333333335
2024-03-19,7.79025,1.09525,2.0359802,-5.4980187,0.0033333333333333335,31.668831
2024-03-20,11.585250125,3.1752499750000003,9.174525,-5.4545736,0.06333333333333334,33.93301233333333
2024-03-21,6.950249925,-1.61475,-0.5724349,-8.715968,0.2966666666666667,34.00266633333334
2024-03-22,5.663666566666667,-2.9296666666666664,2.1994705,-8.602259,0.0,24.88591633333333
2024-03-23,9.822750000000001,4.01025,7.822263,-4.895591,62.51666666666667,35.36108566666667
2024-03-24,7.02525,-0.55975,3.5686026,-6.991215,1.2066666666666668,32.87070933333333
