lat,lon,tz,date,units,cloud_cover.afternoon,humidity.afternoon,precipitation.total,temperature.min,temperature.max,temperature.afternoon,temperature.night,temperature.evening,temperature.morning,pressure.afternoon,wind.max.speed,wind.max.direction
40.77373,-73.98007,-04:00,2023-04-01,metric,100.0,77.0,3.34,9.74,19.98,11.81,10.14,13.73,10.24,1008.0,10.8,220.0
40.77373,-73.98007,-04:00,2023-04-02,metric,40.0,58.0,2.29,4.73,20.83,7.38,20.83,5.72,11.77,1004.0,13.89,290.0
40.77373,-73.98007,-04:00,2023-04-03,metric,0.0,37.0,0.0,3.17,13.89,3.51,10.49,8.65,6.11,1021.0,8.23,170.0
40.77373,-73.98007,-04:00,2023-04-04,metric,20.0,85.0,0.0,7.65,20.65,8.37,14.04,13.95,10.75,1016.0,9.26,170.0
40.77373,-73.98007,-04:00,2023-04-05,metric,100.0,92.0,0.0,9.73,19.65,11.75,19.65,11.18,15.3,1022.0,8.23,40.0
40.77373,-73.98007,-04:00,2023-04-06,metric,100.0,93.0,0.0,8.5,23.96,8.57,9.52,13.02,8.5,1020.0,7.2,40.0
40.77373,-73.98007,-04:00,2023-04-07,metric,100.0,34.0,0.0,10.84,24.87,13.33,24.87,11.45,16.42,1025.0,10.29,320.0
40.77373,-73.98007,-04:00,2023-04-08,metric,100.0,44.0,0.0,2.32,12.1,3.96,12.1,6.31,7.89,1031.0,8.23,300.0
40.77373,-73.98007,-04:00,2023-04-09,metric,75.0,60.0,0.0,4.05,11.47,4.72,10.51,9.19,6.77,1031.0,7.2,40.0
40.77373,-73.98007,-04:00,2023-04-10,metric,0.0,77.0,0.0,4.36,17.63,4.82,11.15,10.69,6.02,1032.0,7.2,160.0
40.77373,-73.98007,-04:00,2023-04-11,metric,0.0,51.0,0.0,8.37,22.77,9.46,17.6,15.58,11.53,1024.0,10.8,260.0
40.77373,-73.98007,-04:00,2023-04-12,metric,100.0,32.0,0.0,18.01,27.93,18.03,22.74,20.68,19.19,1012.0,10.29,240.0
40.77373,-73.98007,-04:00,2023-04-13,metric,0.0,49.0,0.0,16.92,30.94,17.67,28.23,25.05,22.23,1012.0,8.23,310.0
40.77373,-73.98007,-04:00,2023-04-14,metric,0.0,45.0,0.0,18.1,30.85,19.91,30.85,25.92,25.21,1012.0,7.72,260.0
40.77373,-73.98007,-04:00,2023-04-15,metric,0.0,74.0,0.31,16.93,30.19,19.05,30.19,19.67,23.64,1013.0,7.72,170.0
40.77373,-73.98007,-04:00,2023-04-16,metric,100.0,91.0,0.27,14.11,19.92,14.7,18.88,17.17,15.52,1011.0,7.72,120.0
40.77373,-73.98007,-04:00,2023-04-17,metric,100.0,93.0,0.84,12.07,19.9,12.78,19.9,12.52,13.73,1004.0,9.77,260.0
40.77373,-73.98007,-04:00,2023-04-18,metric,40.0,49.0,0.0,9.38,19.13,10.3,19.07,11.37,15.6,1006.0,10.8,260.0
40.77373,-73.98007,-04:00,2023-04-19,metric,100.0,52.0,0.0,6.9,15.76,6.98,13.02,9.18,8.14,1015.0,10.29,280.0
40.77373,-73.98007,-04:00,2023-04-20,metric,0.0,63.0,0.0,6.67,17.55,7.76,16.47,10.51,11.24,1023.0,5.66,300.0
40.77373,-73.98007,-04:00,2023-04-21,metric,20.0,83.0,0.0,9.33,19.24,9.33,16.83,15.85,11.15,1020.0,7.72,50.0
40.77373,-73.98007,-04:00,2023-04-22,metric,100.0,91.0,0.0,10.66,18.96,10.76,18.96,14.11,13.11,1015.0,9.26,110.0
40.77373,-73.98007,-04:00,2023-04-23,metric,100.0,94.0,40.89,12.63,18.98,13.1,18.98,12.85,14.49,1009.0,8.94,360.0
40.77373,-73.98007,-04:00,2023-04-24,metric,20.0,71.0,0.0,6.41,19.13,7.3,19.13,10.97,13.02,1017.0,7.2,260.0
40.77373,-73.98007,-04:00,2023-04-25,metric,0.0,62.0,0.0,7.12,15.47,8.06,15.47,11.66,11.1,1020.0,5.66,250.0
40.77373,-73.98007,-04:00,2023-04-26,metric,0.0,56.0,0.44,7.68,14.17,7.85,14.15,12.66,10.3,1023.0,6.17,220.0
40.77373,-73.98007,-04:00,2023-04-27,metric,100.0,86.0,0.0,9.28,13.74,9.34,13.74,11.24,10.45,1022.0,6.17,140.0
40.77373,-73.98007,-04:00,2023-04-28,metric,40.0,87.0,0.0,8.65,13.45,8.85,13.31,11.28,9.96,1023.0,7.72,110.0
40.77373,-73.98007,-04:00,2023-04-29,metric,100.0,93.0,35.38,8.63,11.84,8.77,11.78,10.26,8.87,1014.0,8.94,80.0
40.77373,-73.98007,-04:00,2023-04-30,metric,100.0,96.0,7.25,10.12,13.35,10.39,10.76,11.76,10.18,1007.0,9.26,50.0
40.77373,-73.98007,-04:00,2023-05-01,metric,100.0,82.0,30.33,9.14,15.3,9.9,13.34,13.43,14.74,987.0,11.83,290.0
40.77373,-73.98007,-04:00,2023-05-02,metric,40.0,73.0,2.71,8.59,15.87,9.17,15.86,9.71,12.08,995.0,9.26,220.0
40.77373,-73.98007,-04:00,2023-05-03,metric,100.0,70.0,0.0,7.77,13.18,8.08,12.37,10.5,10.79,998.0,9.77,240.0
40.77373,-73.98007,-04:00,2023-05-04,metric,100.0,84.0,5.0,8.22,13.24,8.22,13.24,9.88,9.65,1005.0,7.72,60.0
40.77373,-73.98007,-04:00,2023-05-05,metric,0.0,89.0,0.0,7.48,16.01,7.8,12.59,12.96,10.85,1020.0,6.17,290.0
40.77373,-73.98007,-04:00,2023-05-06,metric,0.0,86.0,0.0,8.28,21.87,8.8,16.31,16.64,11.27,1025.0,6.17,190.0
40.77373,-73.98007,-04:00,2023-05-07,metric,0.0,57.0,0.0,11.77,24.29,12.75,22.25,19.48,16.07,1020.0,6.17,270.0
40.77373,-73.98007,-04:00,2023-05-08,metric,100.0,78.0,0.35,14.13,24.37,15.26,23.71,19.27,18.81,1008.0,8.75,230.0
40.77373,-73.98007,-04:00,2023-05-09,metric,0.0,42.0,0.0,12.49,24.69,13.78,24.56,16.22,18.89,1012.0,9.26,300.0
40.77373,-73.98007,-04:00,2023-05-10,metric,0.0,73.0,0.0,9.71,21.56,10.27,19.04,15.79,12.88,1021.0,5.66,190.0
40.77373,-73.98007,-04:00,2023-05-11,metric,0.0,58.0,0.0,12.48,25.93,13.21,22.04,20.41,15.78,1019.0,6.69,260.0
40.77373,-73.98007,-04:00,2023-05-12,metric,0.0,60.0,0.0,16.29,29.68,16.56,26.06,24.58,21.71,1019.0,7.2,270.0
40.77373,-73.98007,-04:00,2023-05-13,metric,0.0,59.0,0.0,19.59,29.11,19.71,29.11,22.76,23.4,1016.0,8.75,270.0
40.77373,-73.98007,-04:00,2023-05-14,metric,0.0,36.0,0.0,14.5,26.83,16.01,26.83,18.1,20.57,1021.0,7.2,360.0
40.77373,-73.98007,-04:00,2023-05-15,metric,0.0,50.0,0.0,11.04,23.02,11.99,22.49,17.62,17.14,1026.0,7.2,330.0
40.77373,-73.98007,-04:00,2023-05-16,metric,20.0,56.0,0.0,13.39,25.86,14.87,23.47,20.88,19.23,1013.0,8.75,240.0
40.77373,-73.98007,-04:00,2023-05-17,metric,100.0,41.0,0.0,12.76,25.68,18.31,25.64,14.25,21.91,1001.0,10.29,220.0
40.77373,-73.98007,-04:00,2023-05-18,metric,0.0,45.0,0.0,6.31,17.52,6.98,17.52,12.23,11.96,1023.0,8.75,330.0
40.77373,-73.98007,-04:00,2023-05-19,metric,0.0,77.0,0.0,10.55,19.96,10.66,14.96,16.64,11.71,1028.0,9.26,170.0
40.77373,-73.98007,-04:00,2023-05-20,metric,100.0,86.0,6.15,13.3,19.58,13.52,19.58,15.8,14.32,1022.0,10.29,170.0
40.77373,-73.98007,-04:00,2023-05-21,metric,100.0,75.0,2.78,12.61,20.72,13.89,17.59,16.34,17.68,1013.0,8.23,320.0
40.77373,-73.98007,-04:00,2023-05-22,metric,0.0,75.0,0.0,13.95,23.09,14.35,21.02,19.94,16.86,1019.0,8.23,340.0
40.77373,-73.98007,-04:00,2023-05-23,metric,100.0,83.0,0.0,12.43,21.76,12.87,21.76,17.13,14.82,1027.0,6.17,160.0
40.77373,-73.98007,-04:00,2023-05-24,metric,0.0,63.0,0.0,11.17,24.45,11.21,18.51,17.99,13.21,1022.0,5.66,160.0
40.77373,-73.98007,-04:00,2023-05-25,metric,75.0,61.0,1.67,9.74,23.11,10.57,23.11,14.05,14.71,1019.0,12.07,5.0
40.77373,-73.98007,-04:00,2023-05-26,metric,0.0,63.0,0.0,10.67,22.03,11.37,19.74,17.84,15.65,1024.0,9.26,10.0
40.77373,-73.98007,-04:00,2023-05-27,metric,0.0,57.0,0.0,13.16,24.79,13.46,22.21,20.7,16.41,1026.0,6.71,360.0
40.77373,-73.98007,-04:00,2023-05-28,metric,0.0,55.0,0.0,13.51,24.89,13.68,24.78,20.76,16.77,1024.0,6.71,150.0
40.77373,-73.98007,-04:00,2023-05-29,metric,0.0,70.0,0.0,15.41,24.47,15.67,24.43,22.33,18.15,1015.0,8.75,40.0
40.77373,-73.98007,-04:00,2023-05-30,metric,0.0,68.0,0.0,11.85,24.2,12.64,24.2,16.99,16.65,1023.0,8.23,110.0
40.77373,-73.98007,-04:00,2023-05-31,metric,20.0,83.0,0.0,10.13,23.62,10.84,20.39,17.84,14.22,1023.0,6.17,50.0
40.77373,-73.98007,-04:00,2023-06-01,metric,0.0,84.0,0.0,13.96,28.71,14.39,23.95,22.91,16.64,1020.0,4.63,170.0
40.77373,-73.98007,-04:00,2023-06-02,metric,0.0,82.0,0.0,17.08,31.02,17.25,28.33,26.42,20.28,1014.0,5.14,110.0
40.77373,-73.98007,-04:00,2023-06-03,metric,20.0,78.0,1.46,18.09,28.59,18.69,28.59,18.84,21.46,1012.0,8.05,70.0
40.77373,-73.98007,-04:00,2023-06-04,metric,0.0,76.0,0.0,9.16,19.38,9.99,18.37,15.41,14.43,1019.0,8.75,70.0
40.77373,-73.98007,-04:00,2023-06-05,metric,0.0,69.0,0.0,11.73,23.14,11.94,19.56,18.09,15.64,1014.0,8.23,360.0
40.77373,-73.98007,-04:00,2023-06-06,metric,0.0,48.0,0.0,15.31,25.53,16.51,23.16,18.48,19.99,1008.0,9.77,290.0
40.77373,-73.98007,-04:00,2023-06-07,metric,0.0,58.0,0.0,13.37,24.34,14.46,24.34,18.22,18.55,1004.0,8.75,60.0
40.77373,-73.98007,-04:00,2023-06-08,metric,100.0,67.0,0.0,12.05,21.61,12.29,19.32,17.81,16.51,1005.0,8.23,300.0
40.77373,-73.98007,-04:00,2023-06-09,metric,75.0,68.0,0.0,13.59,21.55,14.69,20.12,18.03,17.03,1007.0,6.71,310.0
40.77373,-73.98007,-04:00,2023-06-10,metric,75.0,72.0,0.0,13.15,24.57,14.12,21.75,19.1,17.09,1007.0,7.72,310.0
40.77373,-73.98007,-04:00,2023-06-11,metric,0.0,82.0,2.3,16.78,26.71,17.57,24.83,23.12,20.0,1012.0,7.72,340.0
40.77373,-73.98007,-04:00,2023-06-12,metric,20.0,78.0,0.0,19.57,25.27,20.03,25.27,21.78,21.07,1010.0,8.75,140.0
40.77373,-73.98007,-04:00,2023-06-13,metric,100.0,83.0,9.4,17.44,25.68,18.18,23.54,20.88,19.29,1004.0,8.23,130.0
40.77373,-73.98007,-04:00,2023-06-14,metric,0.0,76.0,1.0,16.66,26.26,16.8,26.26,22.34,21.38,1004.0,8.23,150.0
40.77373,-73.98007,-04:00,2023-06-15,metric,0.0,75.0,0.23,15.53,24.55,15.87,20.21,20.48,18.42,1002.0,9.77,230.0
40.77373,-73.98007,-04:00,2023-06-16,metric,0.0,77.0,5.11,16.85,26.13,17.19,25.22,23.88,21.81,1007.0,7.2,300.0
40.77373,-73.98007,-04:00,2023-06-17,metric,0.0,85.0,0.0,15.93,25.36,16.1,18.3,20.49,18.15,1005.0,9.77,310.0
40.77373,-73.98007,-04:00,2023-06-18,metric,0.0,64.0,0.0,16.71,26.08,17.0,25.13,22.21,19.17,1008.0,10.29,290.0
40.77373,-73.98007,-04:00,2023-06-19,metric,0.0,75.0,0.0,17.42,26.28,18.24,26.23,22.53,21.29,1015.0,6.17,20.0
40.77373,-73.98007,-04:00,2023-06-20,metric,100.0,82.0,0.0,17.28,25.06,17.54,25.06,20.06,19.68,1021.0,6.69,50.0
40.77373,-73.98007,-04:00,2023-06-21,metric,75.0,79.0,0.0,15.73,23.76,15.9,23.76,19.18,19.11,1024.0,9.77,50.0
40.77373,-73.98007,-04:00,2023-06-22,metric,100.0,73.0,0.39,15.23,21.61,16.45,21.61,16.39,18.58,1022.0,9.26,60.0
40.77373,-73.98007,-04:00,2023-06-23,metric,100.0,87.0,0.0,17.73,20.83,17.89,20.46,19.59,19.63,1019.0,7.6,40.0
40.77373,-73.98007,-04:00,2023-06-24,metric,100.0,92.0,2.78,19.7,24.71,19.74,19.9,21.21,20.15,1013.0,5.14,190.0
40.77373,-73.98007,-04:00,2023-06-25,metric,0.0,88.0,0.0,20.11,27.76,20.81,25.34,25.84,22.32,1009.0,6.17,190.0
40.77373,-73.98007,-04:00,2023-06-26,metric,0.0,90.0,17.63,20.4,26.33,20.4,26.33,23.96,22.01,1009.0,5.66,180.0
40.77373,-73.98007,-04:00,2023-06-27,metric,0.0,91.0,8.12,19.09,24.64,19.36,24.32,21.45,21.41,1006.0,8.23,320.0
40.77373,-73.98007,-04:00,2023-06-28,metric,40.0,89.0,1.31,18.67,27.08,19.03,24.78,22.98,20.43,1008.0,7.2,250.0
40.77373,-73.98007,-04:00,2023-06-29,metric,0.0,76.0,0.0,17.88,27.38,18.28,26.01,23.39,22.93,1014.0,8.05,290.0
40.77373,-73.98007,-04:00,2023-06-30,metric,75.0,87.0,0.0,19.45,28.63,19.59,27.62,25.46,22.52,1018.0,5.66,300.0
40.77373,-73.98007,-04:00,2023-07-01,metric,0.0,75.0,0.0,18.91,28.11,19.51,28.11,24.44,22.58,1018.0,7.2,180.0
40.77373,-73.98007,-04:00,2023-07-02,metric,100.0,88.0,0.0,21.63,29.95,21.83,26.75,24.44,22.29,1013.0,7.2,170.0
40.77373,-73.98007,-04:00,2023-07-03,metric,0.0,89.0,0.91,22.32,31.32,22.71,29.23,26.7,24.54,1010.0,9.77,180.0
40.77373,-73.98007,-04:00,2023-07-04,metric,0.0,89.0,0.51,22.97,30.85,23.18,30.85,25.96,26.13,1011.0,6.71,170.0
40.77373,-73.98007,-04:00,2023-07-05,metric,0.0,90.0,0.0,21.49,32.8,21.98,25.11,28.18,23.76,1015.0,4.12,50.0
40.77373,-73.98007,-04:00,2023-07-06,metric,0.0,83.0,0.0,23.01,32.74,23.6,32.74,29.41,26.74,1015.0,7.2,160.0
40.77373,-73.98007,-04:00,2023-07-07,metric,100.0,85.0,0.0,23.26,31.06,23.44,31.06,27.14,24.55,1012.0,6.71,190.0
40.77373,-73.98007,-04:00,2023-07-08,metric,75.0,88.0,0.0,23.58,29.59,23.62,29.44,27.31,24.86,1011.0,12.35,100.0
40.77373,-73.98007,-04:00,2023-07-09,metric,75.0,89.0,0.0,23.6,27.69,23.6,27.69,26.53,24.78,1011.0,8.05,360.0
40.77373,-73.98007,-04:00,2023-07-10,metric,100.0,91.0,12.26,21.87,27.94,22.09,25.83,24.32,22.93,1007.0,6.71,110.0
40.77373,-73.98007,-04:00,2023-07-11,metric,0.0,64.0,0.0,19.78,31.16,20.39,28.52,25.85,24.88,1011.0,6.71,348.0
40.77373,-73.98007,-04:00,2023-07-12,metric,0.0,66.0,0.0,22.41,32.75,23.05,31.44,28.69,26.68,1014.0,5.66,260.0
40.77373,-73.98007,-04:00,2023-07-13,metric,0.0,72.0,0.0,23.1,32.64,23.73,32.64,28.16,26.99,1013.0,10.8,160.0
40.77373,-73.98007,-04:00,2023-07-14,metric,100.0,70.0,14.55,22.33,29.94,23.68,29.91,24.17,27.73,1011.0,10.73,160.0
40.77373,-73.98007,-04:00,2023-07-15,metric,0.0,89.0,4.36,21.67,30.89,21.92,28.39,26.51,23.79,1014.0,8.05,211.0
40.77373,-73.98007,-04:00,2023-07-16,metric,100.0,91.0,35.0,24.3,29.62,25.41,29.62,24.65,25.06,1011.0,8.05,160.0
40.77373,-73.98007,-04:00,2023-07-17,metric,40.0,92.0,0.11,22.78,31.49,23.18,25.47,26.93,24.31,1011.0,7.2,160.0
40.77373,-73.98007,-04:00,2023-07-18,metric,0.0,81.0,0.81,23.18,31.26,23.67,31.26,27.31,25.99,1015.0,7.72,250.0
40.77373,-73.98007,-04:00,2023-07-19,metric,0.0,81.0,3.59,21.37,26.76,21.89,26.56,24.02,24.45,1016.0,5.66,150.0
40.77373,-73.98007,-04:00,2023-07-20,metric,0.0,90.0,0.0,21.2,29.38,21.52,26.24,26.13,23.46,1016.0,7.2,250.0
40.77373,-73.98007,-04:00,2023-07-21,metric,75.0,85.0,22.28,22.34,29.12,22.72,28.95,23.4,24.39,1011.0,6.26,360.0
40.77373,-73.98007,-04:00,2023-07-22,metric,0.0,69.0,0.0,20.42,29.18,21.43,29.18,23.96,25.43,1008.0,6.69,250.0
40.77373,-73.98007,-04:00,2023-07-23,metric,0.0,69.0,0.0,19.77,30.47,20.69,28.47,26.31,24.34,1012.0,6.17,320.0
40.77373,-73.98007,-04:00,2023-07-24,metric,0.0,67.0,0.0,21.85,29.75,22.54,29.75,25.27,25.41,1019.0,6.26,360.0
40.77373,-73.98007,-04:00,2023-07-25,metric,0.0,72.0,0.0,21.98,29.93,22.74,29.45,27.03,24.87,1018.0,8.23,160.0
40.77373,-73.98007,-04:00,2023-07-26,metric,0.0,87.0,11.2,19.03,30.88,19.38,23.57,25.65,20.67,1019.0,9.77,320.0
40.77373,-73.98007,-04:00,2023-07-27,metric,0.0,80.0,0.0,23.26,33.43,23.27,30.8,28.51,25.77,1016.0,9.77,250.0
40.77373,-73.98007,-04:00,2023-07-28,metric,0.0,84.0,5.2,23.74,33.51,24.16,33.51,28.35,27.88,1015.0,10.8,230.0
40.77373,-73.98007,-04:00,2023-07-29,metric,0.0,71.0,0.0,24.37,33.15,25.31,33.15,27.02,28.6,1012.0,7.72,210.0
40.77373,-73.98007,-04:00,2023-07-30,metric,0.0,73.0,0.0,18.38,32.12,19.95,31.92,21.42,24.65,1012.0,10.29,240.0
40.77373,-73.98007,-04:00,2023-07-31,metric,0.0,65.0,0.0,18.37,28.21,19.23,26.22,24.18,22.18,1014.0,6.69,330.0
40.77373,-73.98007,-04:00,2023-08-01,metric,0.0,68.0,0.0,19.33,28.16,19.71,28.16,22.82,23.26,1018.0,7.2,190.0
40.77373,-73.98007,-04:00,2023-08-02,metric,0.0,63.0,0.0,16.79,26.06,17.78,26.06,22.28,21.52,1022.0,6.26,24.0
40.77373,-73.98007,-04:00,2023-08-03,metric,0.0,66.0,0.0,18.02,26.02,18.49,26.02,23.08,21.07,1021.0,8.75,160.0
40.77373,-73.98007,-04:00,2023-08-04,metric,100.0,72.0,0.0,21.11,24.9,21.31,24.9,23.13,22.38,1016.0,8.75,170.0
40.77373,-73.98007,-04:00,2023-08-05,metric,40.0,82.0,0.0,21.04,28.95,21.38,24.68,24.85,22.25,1014.0,6.71,180.0
40.77373,-73.98007,-04:00,2023-08-06,metric,0.0,66.0,0.0,20.21,29.11,20.96,28.55,25.34,24.37,1016.0,6.17,160.0
40.77373,-73.98007,-04:00,2023-08-07,metric,100.0,81.0,9.36,20.25,28.7,22.99,28.7,21.96,23.72,1014.0,7.2,170.0
40.77373,-73.98007,-04:00,2023-08-08,metric,75.0,86.0,14.32,21.26,26.29,21.44,26.29,22.99,22.05,1005.0,10.8,250.0
40.77373,-73.98007,-04:00,2023-08-09,metric,20.0,69.0,0.0,20.54,29.68,21.17,25.69,24.37,22.6,1006.0,11.32,290.0
40.77373,-73.98007,-04:00,2023-08-10,metric,75.0,69.0,2.27,20.88,29.99,21.55,29.99,25.05,24.31,1008.0,8.75,270.0
40.77373,-73.98007,-04:00,2023-08-11,metric,0.0,87.0,9.9,18.71,28.83,19.06,22.57,23.42,20.79,1006.0,8.23,290.0
40.77373,-73.98007,-04:00,2023-08-12,metric,20.0,71.0,0.0,19.79,28.95,20.47,28.95,25.32,24.37,1013.0,8.75,250.0
40.77373,-73.98007,-04:00,2023-08-13,metric,75.0,88.0,6.94,20.8,30.19,20.86,28.14,25.14,24.85,1009.0,8.23,290.0
40.77373,-73.98007,-04:00,2023-08-14,metric,0.0,72.0,0.0,21.23,30.39,21.9,30.3,25.39,26.01,1015.0,6.71,310.0
40.77373,-73.98007,-04:00,2023-08-15,metric,100.0,90.0,3.99,21.2,30.12,21.68,30.12,22.77,25.14,1008.0,9.77,60.0
40.77373,-73.98007,-04:00,2023-08-16,metric,100.0,86.0,23.62,20.68,27.18,21.16,25.15,22.72,22.69,1011.0,5.66,40.0
40.77373,-73.98007,-04:00,2023-08-17,metric,100.0,83.0,0.0,21.95,27.19,22.16,27.19,23.48,22.84,1015.0,7.2,130.0
40.77373,-73.98007,-04:00,2023-08-18,metric,100.0,87.0,20.06,20.06,27.21,23.89,24.63,22.74,22.84,1006.0,8.23,330.0
40.77373,-73.98007,-04:00,2023-08-19,metric,0.0,64.0,0.0,16.79,27.06,17.8,27.06,20.52,22.45,1014.0,9.77,290.0
40.77373,-73.98007,-04:00,2023-08-20,metric,0.0,69.0,0.0,17.71,29.62,18.54,25.64,23.91,22.23,1019.0,6.71,260.0
40.77373,-73.98007,-04:00,2023-08-21,metric,20.0,72.0,0.0,21.15,30.49,21.62,29.56,25.65,24.62,1018.0,5.66,320.0
40.77373,-73.98007,-04:00,2023-08-22,metric,0.0,65.0,0.0,19.41,30.38,21.96,30.32,20.65,26.64,1017.0,8.49,5.0
40.77373,-73.98007,-04:00,2023-08-23,metric,75.0,60.0,0.0,17.72,25.69,18.87,25.57,20.91,21.52,1020.0,6.69,360.0
40.77373,-73.98007,-04:00,2023-08-24,metric,100.0,71.0,0.0,20.72,25.23,20.78,25.23,21.88,21.35,1018.0,8.75,170.0
40.77373,-73.98007,-04:00,2023-08-25,metric,100.0,82.0,10.42,19.61,24.22,21.58,19.94,21.83,20.35,1014.0,6.71,360.0
40.77373,-73.98007,-04:00,2023-08-26,metric,40.0,91.0,3.88,21.93,28.4,22.03,24.26,24.07,22.89,1009.0,5.36,170.0
40.77373,-73.98007,-04:00,2023-08-27,metric,0.0,76.0,0.0,19.91,28.58,21.0,28.49,23.83,23.46,1012.0,6.17,310.0
40.77373,-73.98007,-04:00,2023-08-28,metric,40.0,82.0,0.0,20.35,27.89,20.4,27.89,22.33,22.73,1016.0,5.14,110.0
40.77373,-73.98007,-04:00,2023-08-29,metric,0.0,82.0,0.0,19.52,25.98,19.52,23.81,21.93,21.26,1016.0,6.17,60.0
40.77373,-73.98007,-04:00,2023-08-30,metric,100.0,86.0,2.69,21.73,28.78,22.2,25.71,21.73,22.93,1007.0,7.2,300.0
40.77373,-73.98007,-04:00,2023-08-31,metric,0.0,71.0,0.0,17.62,28.55,18.53,28.55,19.66,22.61,1011.0,9.39,352.0
40.77373,-73.98007,-04:00,2023-09-01,metric,0.0,62.0,0.0,14.99,24.45,16.03,24.45,19.72,19.61,1023.0,7.15,19.0
40.77373,-73.98007,-04:00,2023-09-02,metric,0.0,75.0,0.0,15.51,25.72,16.23,24.04,21.28,18.5,1025.0,6.17,180.0
40.77373,-73.98007,-04:00,2023-09-03,metric,0.0,79.0,0.0,18.84,31.33,19.68,25.43,25.05,21.01,1016.0,7.72,260.0
40.77373,-73.98007,-04:00,2023-09-04,metric,0.0,77.0,0.52,22.02,31.39,23.08,31.39,25.51,26.46,1012.0,7.2,360.0
40.77373,-73.98007,-04:00,2023-09-05,metric,0.0,80.0,0.0,23.47,32.96,24.08,30.72,28.22,26.54,1013.0,4.63,40.0
40.77373,-73.98007,-04:00,2023-09-06,metric,0.0,80.0,0.0,23.94,33.73,24.65,32.77,28.84,27.4,1013.0,6.17,280.0
40.77373,-73.98007,-04:00,2023-09-07,metric,0.0,74.0,0.0,24.32,34.03,25.31,33.51,30.08,27.74,1009.0,6.17,170.0
40.77373,-73.98007,-04:00,2023-09-08,metric,0.0,76.0,0.0,22.43,33.21,22.75,33.21,26.07,25.84,1012.0,7.72,170.0
40.77373,-73.98007,-04:00,2023-09-09,metric,75.0,86.0,3.77,22.59,29.38,22.73,25.68,25.52,22.75,1017.0,6.71,150.0
40.77373,-73.98007,-04:00,2023-09-10,metric,0.0,85.0,22.32,20.98,26.41,21.94,26.41,23.2,23.48,1019.0,5.66,290.0
40.77373,-73.98007,-04:00,2023-09-11,metric,100.0,93.0,16.05,21.68,27.02,21.79,24.2,23.71,22.36,1016.0,4.92,360.0
40.77373,-73.98007,-04:00,2023-09-12,metric,20.0,88.0,15.24,19.64,27.92,20.16,26.63,22.1,21.64,1016.0,5.81,315.0
40.77373,-73.98007,-04:00,2023-09-13,metric,0.0,87.0,6.84,22.05,28.29,22.22,28.29,22.49,22.83,1014.0,6.69,160.0
40.77373,-73.98007,-04:00,2023-09-14,metric,100.0,79.0,0.0,18.06,26.24,19.27,26.03,20.38,22.3,1015.0,6.71,11.0
40.77373,-73.98007,-04:00,2023-09-15,metric,0.0,70.0,0.0,13.84,25.01,14.71,25.01,15.68,19.08,1019.0,8.94,352.0
40.77373,-73.98007,-04:00,2023-09-16,metric,0.0,61.0,0.0,15.2,23.74,16.03,20.87,17.7,17.29,1014.0,9.26,350.0
40.77373,-73.98007,-04:00,2023-09-17,metric,0.0,69.0,0.0,14.08,24.64,15.24,24.1,19.95,19.76,1014.0,8.05,290.0
40.77373,-73.98007,-04:00,2023-09-18,metric,100.0,91.0,30.29,18.18,23.67,18.55,23.67,18.23,19.59,1011.0,6.71,160.0
40.77373,-73.98007,-04:00,2023-09-19,metric,0.0,84.0,1.99,14.23,22.73,14.88,19.44,18.31,16.3,1012.0,9.26,290.0
40.77373,-73.98007,-04:00,2023-09-20,metric,0.0,71.0,0.0,13.76,23.29,14.34,22.83,18.84,17.4,1020.0,7.72,300.0
40.77373,-73.98007,-04:00,2023-09-21,metric,0.0,73.0,0.0,13.08,23.51,14.84,23.51,16.98,18.39,1023.0,5.66,260.0
40.77373,-73.98007,-04:00,2023-09-22,metric,0.0,79.0,0.0,14.35,22.08,15.25,22.08,18.69,17.18,1027.0,8.23,70.0
40.77373,-73.98007,-04:00,2023-09-23,metric,100.0,75.0,12.97,14.18,20.68,15.78,20.68,14.2,17.34,1024.0,12.52,50.0
40.77373,-73.98007,-04:00,2023-09-24,metric,100.0,89.0,9.04,14.68,17.63,16.18,14.68,16.82,15.34,1016.0,13.38,60.0
40.77373,-73.98007,-04:00,2023-09-25,metric,100.0,90.0,9.93,14.16,17.37,15.95,17.37,15.41,16.77,1014.0,14.4,60.0
40.77373,-73.98007,-04:00,2023-09-26,metric,100.0,80.0,1.68,14.39,15.31,14.88,14.82,14.91,14.39,1025.0,12.35,50.0
40.77373,-73.98007,-04:00,2023-09-27,metric,100.0,72.0,0.0,10.33,18.48,11.3,15.6,15.29,13.84,1028.0,8.23,50.0
40.77373,-73.98007,-04:00,2023-09-28,metric,100.0,83.0,0.0,12.6,18.23,12.73,18.23,14.64,15.34,1025.0,8.75,50.0
40.77373,-73.98007,-04:00,2023-09-29,metric,100.0,90.0,68.0,14.75,17.38,14.94,17.38,15.09,15.01,1022.0,10.8,50.0
40.77373,-73.98007,-04:00,2023-09-30,metric,100.0,90.0,1.45,13.83,18.17,14.28,15.21,13.98,15.17,1020.0,8.75,40.0
40.77373,-73.98007,-04:00,2023-10-01,metric,0.0,89.0,0.0,14.77,24.62,15.01,18.38,18.56,16.71,1022.0,6.69,10.0
40.77373,-73.98007,-04:00,2023-10-02,metric,100.0,81.0,0.0,16.98,25.08,17.8,24.89,21.15,19.76,1022.0,6.17,10.0
40.77373,-73.98007,-04:00,2023-10-03,metric,0.0,83.0,0.0,14.75,26.95,15.69,24.72,19.91,18.11,1023.0,7.72,20.0
40.77373,-73.98007,-04:00,2023-10-04,metric,0.0,86.0,0.0,17.64,27.95,17.97,27.07,22.67,20.43,1021.0,4.12,170.0
40.77373,-73.98007,-04:00,2023-10-05,metric,0.0,82.0,0.0,15.95,27.12,16.76,27.12,20.8,19.75,1024.0,5.66,190.0
40.77373,-73.98007,-04:00,2023-10-06,metric,100.0,91.0,1.39,18.44,23.67,18.83,23.67,19.76,18.5,1019.0,6.26,360.0
40.77373,-73.98007,-04:00,2023-10-07,metric,100.0,90.0,7.72,15.92,21.53,19.52,21.53,19.24,20.45,1010.0,11.32,320.0
40.77373,-73.98007,-04:00,2023-10-08,metric,0.0,76.0,0.0,9.44,16.17,10.27,16.17,13.19,12.59,1004.0,9.26,290.0
40.77373,-73.98007,-04:00,2023-10-09,metric,20.0,68.0,0.0,8.19,16.02,9.02,15.41,11.55,12.43,1008.0,8.75,250.0
40.77373,-73.98007,-04:00,2023-10-10,metric,75.0,76.0,0.85,9.84,17.67,11.34,15.28,13.2,11.75,1009.0,7.2,240.0
40.77373,-73.98007,-04:00,2023-10-11,metric,100.0,80.0,0.0,11.39,21.11,12.15,17.21,16.54,13.28,1010.0,6.69,230.0
40.77373,-73.98007,-04:00,2023-10-12,metric,0.0,80.0,0.0,11.46,21.13,12.71,20.97,15.96,14.9,1012.0,5.14,250.0
40.77373,-73.98007,-04:00,2023-10-13,metric,0.0,72.0,0.0,10.32,21.17,12.11,21.17,13.16,15.75,1013.0,6.17,320.0
40.77373,-73.98007,-04:00,2023-10-14,metric,100.0,68.0,15.55,10.11,17.31,11.76,17.31,11.71,13.39,1013.0,6.17,310.0
40.77373,-73.98007,-04:00,2023-10-15,metric,75.0,82.0,5.64,9.54,15.24,9.92,10.17,12.21,9.71,999.0,8.75,350.0
40.77373,-73.98007,-04:00,2023-10-16,metric,0.0,79.0,0.0,8.02,17.28,8.42,15.14,11.77,10.82,1004.0,8.75,300.0
40.77373,-73.98007,-04:00,2023-10-17,metric,0.0,81.0,2.13,9.71,16.86,10.28,16.86,13.58,12.52,1010.0,6.17,320.0
40.77373,-73.98007,-04:00,2023-10-18,metric,100.0,82.0,0.0,10.83,17.22,10.83,16.59,14.19,12.41,1020.0,5.14,340.0
40.77373,-73.98007,-04:00,2023-10-19,metric,0.0,81.0,0.0,10.39,18.07,11.22,16.58,14.3,14.18,1021.0,5.66,190.0
40.77373,-73.98007,-04:00,2023-10-20,metric,100.0,81.0,4.58,14.42,17.19,14.89,17.19,16.05,14.67,1013.0,8.94,360.0
40.77373,-73.98007,-04:00,2023-10-21,metric,100.0,90.0,18.27,13.89,16.92,15.37,16.92,13.89,16.15,994.0,9.77,300.0
40.77373,-73.98007,-04:00,2023-10-22,metric,40.0,70.0,0.0,10.43,17.18,11.95,17.18,12.42,14.49,1000.0,10.8,290.0
40.77373,-73.98007,-04:00,2023-10-23,metric,20.0,68.0,0.0,7.78,15.69,8.01,12.86,10.85,9.19,1016.0,10.8,320.0
40.77373,-73.98007,-04:00,2023-10-24,metric,40.0,75.0,0.0,8.12,18.1,8.62,15.99,12.11,10.85,1027.0,5.66,310.0
40.77373,-73.98007,-04:00,2023-10-25,metric,20.0,77.0,0.0,10.33,22.44,10.92,18.36,14.45,13.66,1027.0,5.66,160.0
40.77373,-73.98007,-04:00,2023-10-26,metric,0.0,74.0,0.0,13.06,25.66,13.81,22.71,17.74,17.76,1023.0,6.71,360.0
40.77373,-73.98007,-04:00,2023-10-27,metric,0.0,73.0,0.0,15.26,25.53,16.2,25.53,17.37,19.04,1021.0,6.26,360.0
40.77373,-73.98007,-04:00,2023-10-28,metric,20.0,78.0,0.0,16.86,26.67,17.17,23.73,21.07,19.1,1016.0,7.15,360.0
40.77373,-73.98007,-04:00,2023-10-29,metric,100.0,59.0,10.36,11.39,26.85,14.88,26.85,12.12,20.12,1021.0,8.75,40.0
40.77373,-73.98007,-04:00,2023-10-30,metric,100.0,90.0,9.56,10.62,14.8,11.33,11.27,12.41,10.8,1013.0,5.81,16.0
40.77373,-73.98007,-04:00,2023-10-31,metric,0.0,69.0,0.32,6.78,14.88,8.77,14.88,8.48,10.41,1018.0,8.75,320.0
40.77373,-73.98007,-04:00,2023-11-01,metric,100.0,72.0,2.65,5.16,10.18,7.28,10.18,5.39,8.62,1015.0,9.26,320.0
40.77373,-73.98007,-04:00,2023-11-02,metric,0.0,73.0,0.0,1.38,9.46,1.81,8.78,4.98,4.44,1029.0,9.26,310.0
40.77373,-73.98007,-04:00,2023-11-03,metric,20.0,67.0,0.0,4.61,13.4,4.79,9.6,7.91,6.45,1033.0,7.2,180.0
40.77373,-73.98007,-04:00,2023-11-04,metric,75.0,69.0,0.0,7.1,15.08,7.77,13.37,9.45,9.43,1026.0,6.71,170.0
40.77373,-73.98007,-04:00,2023-11-05,metric,100.0,74.0,0.0,8.93,17.72,9.89,15.21,11.73,11.63,1017.0,4.63,190.0
40.77373,-73.98007,-05:00,2023-11-06,metric,0.0,62.0,0.0,6.37,17.72,7.43,17.72,7.0,12.19,1022.0,7.72,360.0
40.77373,-73.98007,-05:00,2023-11-07,metric,100.0,80.0,0.58,10.17,16.2,12.06,12.36,12.34,10.43,1013.0,7.2,240.0
40.77373,-73.98007,-05:00,2023-11-08,metric,0.0,58.0,0.0,5.8,18.04,10.55,16.92,6.02,15.03,1013.0,8.75,310.0
40.77373,-73.98007,-05:00,2023-11-09,metric,100.0,54.0,0.0,5.68,12.89,5.84,9.56,9.74,7.14,1018.0,5.36,360.0
40.77373,-73.98007,-05:00,2023-11-10,metric,0.0,63.0,0.0,8.86,14.4,9.22,13.53,10.09,11.36,1017.0,5.66,300.0
40.77373,-73.98007,-05:00,2023-11-11,metric,75.0,78.0,0.0,5.42,12.17,6.29,11.15,7.02,7.82,1024.0,7.2,320.0
40.77373,-73.98007,-05:00,2023-11-12,metric,0.0,66.0,0.0,1.86,11.96,3.36,11.96,2.73,7.14,1032.0,7.15,20.0
40.77373,-73.98007,-05:00,2023-11-13,metric,0.0,65.0,0.0,1.38,8.34,1.72,6.91,2.33,4.1,1031.0,5.66,350.0
40.77373,-73.98007,-05:00,2023-11-14,metric,0.0,71.0,0.0,5.52,11.35,5.58,8.99,7.48,7.02,1021.0,10.29,310.0
40.77373,-73.98007,-05:00,2023-11-15,metric,0.0,70.0,0.0,3.58,11.52,4.11,11.52,4.9,6.74,1030.0,8.23,350.0
40.77373,-73.98007,-05:00,2023-11-16,metric,0.0,73.0,0.0,6.32,17.36,7.57,11.11,7.47,8.94,1025.0,6.71,360.0
40.77373,-73.98007,-05:00,2023-11-17,metric,0.0,67.0,0.0,9.0,18.09,10.16,18.09,10.56,12.19,1021.0,8.23,190.0
40.77373,-73.98007,-05:00,2023-11-18,metric,20.0,82.0,0.0,10.3,18.41,14.22,18.41,12.51,15.23,1008.0,8.23,330.0
40.77373,-73.98007,-05:00,2023-11-19,metric,0.0,61.0,0.0,3.98,12.33,4.27,11.65,5.06,6.27,1012.0,9.77,320.0
40.77373,-73.98007,-05:00,2023-11-20,metric,0.0,55.0,0.0,1.55,12.62,3.7,12.62,2.44,9.27,1023.0,10.29,330.0
40.77373,-73.98007,-05:00,2023-11-21,metric,0.0,55.0,0.0,0.5,7.16,1.86,7.16,1.6,3.84,1034.0,8.23,60.0
40.77373,-73.98007,-05:00,2023-11-22,metric,100.0,87.0,37.43,6.25,11.6,9.59,6.96,9.82,7.11,1014.0,12.35,120.0
40.77373,-73.98007,-05:00,2023-11-23,metric,100.0,74.0,0.0,6.71,11.6,9.97,11.6,6.71,9.93,1006.0,10.29,310.0
40.77373,-73.98007,-05:00,2023-11-24,metric,100.0,65.0,0.0,7.04,11.08,7.54,11.0,7.55,7.38,1018.0,8.23,310.0
40.77373,-73.98007,-05:00,2023-11-25,metric,0.0,54.0,0.0,-1.12,9.52,-0.52,9.52,-0.49,2.26,1029.0,11.32,350.0
40.77373,-73.98007,-05:00,2023-11-26,metric,0.0,67.0,0.0,1.4,8.41,1.44,4.34,2.65,2.06,1027.0,4.63,40.0
40.77373,-73.98007,-05:00,2023-11-27,metric,100.0,87.0,9.41,5.55,11.61,9.47,8.97,5.68,10.05,1004.0,9.26,130.0
40.77373,-73.98007,-05:00,2023-11-28,metric,0.0,53.0,0.0,0.31,9.61,1.74,9.61,0.83,4.52,1010.0,9.77,290.0
40.77373,-73.98007,-05:00,2023-11-29,metric,0.0,56.0,0.0,-3.22,2.37,-1.53,2.36,-2.93,0.02,1018.0,10.29,270.0
40.77373,-73.98007,-05:00,2023-11-30,metric,40.0,50.0,0.0,0.03,9.38,1.0,2.63,1.12,0.72,1020.0,7.72,240.0
40.77373,-73.98007,-05:00,2023-12-01,metric,0.0,68.0,0.49,4.16,10.13,5.07,10.11,4.47,8.03,1022.0,6.26,223.0
40.77373,-73.98007,-05:00,2023-12-02,metric,100.0,88.0,4.8,6.86,12.5,7.63,6.92,7.61,6.86,1017.0,5.36,360.0
40.77373,-73.98007,-05:00,2023-12-03,metric,100.0,89.0,9.41,8.67,13.66,8.94,13.66,9.1,9.74,1016.0,7.2,50.0
40.77373,-73.98007,-05:00,2023-12-04,metric,20.0,89.0,0.33,6.94,10.39,6.96,9.35,7.01,8.22,1006.0,9.26,50.0
40.77373,-73.98007,-05:00,2023-12-05,metric,0.0,73.0,0.0,3.04,10.01,4.51,10.01,3.07,7.03,1014.0,7.2,270.0
40.77373,-73.98007,-05:00,2023-12-06,metric,0.0,68.0,0.0,0.86,5.65,2.24,5.65,1.3,4.2,1015.0,6.17,310.0
40.77373,-73.98007,-05:00,2023-12-07,metric,75.0,58.0,0.25,-0.72,4.4,-0.12,4.4,-0.14,2.34,1018.0,8.75,320.0
40.77373,-73.98007,-05:00,2023-12-08,metric,75.0,78.0,0.0,1.51,9.55,2.39,2.57,2.02,2.49,1018.0,7.2,260.0
40.77373,-73.98007,-05:00,2023-12-09,metric,0.0,84.0,0.0,5.21,12.74,5.78,9.73,5.69,7.0,1023.0,5.36,351.0
40.77373,-73.98007,-05:00,2023-12-10,metric,75.0,86.0,1.76,7.63,13.17,7.99,13.17,10.21,9.52,1017.0,5.14,170.0
40.77373,-73.98007,-05:00,2023-12-11,metric,100.0,89.0,34.63,3.33,15.27,6.96,13.1,3.33,15.27,1004.0,14.92,310.0
40.77373,-73.98007,-05:00,2023-12-12,metric,75.0,58.0,0.0,0.9,5.92,2.78,5.92,1.15,3.84,1024.0,11.83,310.0
40.77373,-73.98007,-05:00,2023-12-13,metric,0.0,67.0,0.0,2.43,7.34,3.12,6.33,2.88,4.63,1030.0,8.23,240.0
40.77373,-73.98007,-05:00,2023-12-14,metric,0.0,52.0,0.0,-0.49,7.82,0.99,7.75,0.08,3.83,1037.0,8.75,320.0
40.77373,-73.98007,-05:00,2023-12-15,metric,0.0,58.0,0.0,1.82,12.12,2.01,4.34,2.38,3.04,1031.0,6.71,260.0
40.77373,-73.98007,-05:00,2023-12-16,metric,0.0,60.0,0.0,5.58,13.7,6.09,13.26,6.39,9.27,1029.0,6.69,60.0
40.77373,-73.98007,-05:00,2023-12-17,metric,100.0,80.0,0.0,7.67,12.15,8.04,12.15,8.48,7.82,1032.0,7.72,40.0
40.77373,-73.98007,-05:00,2023-12-18,metric,100.0,94.0,34.45,9.61,16.03,13.77,10.97,15.39,11.92,996.0,15.95,160.0
40.77373,-73.98007,-05:00,2023-12-19,metric,0.0,69.0,0.0,2.93,9.63,3.84,9.24,2.93,7.65,1005.0,11.83,300.0
40.77373,-73.98007,-05:00,2023-12-20,metric,0.0,63.0,0.0,-1.51,5.38,-1.09,4.72,-1.12,0.81,1026.0,9.77,320.0
40.77373,-73.98007,-05:00,2023-12-21,metric,0.0,71.0,0.0,1.18,6.73,1.37,6.27,1.38,3.77,1028.0,8.75,340.0
40.77373,-73.98007,-05:00,2023-12-22,metric,20.0,51.0,0.0,-3.36,5.07,-2.52,5.07,-3.32,0.48,1031.0,8.49,41.0
40.77373,-73.98007,-05:00,2023-12-23,metric,20.0,59.0,0.0,-0.25,4.76,-0.06,2.52,0.52,0.42,1032.0,3.6,60.0
40.77373,-73.98007,-05:00,2023-12-24,metric,100.0,80.0,1.37,3.65,7.86,3.88,5.33,3.65,3.92,1030.0,4.63,50.0
40.77373,-73.98007,-05:00,2023-12-25,metric,100.0,84.0,0.0,5.43,8.95,5.91,8.28,5.43,6.9,1030.0,4.47,360.0
40.77373,-73.98007,-05:00,2023-12-26,metric,100.0,90.0,0.0,6.32,9.05,6.32,9.01,6.65,7.49,1028.0,4.47,42.0
40.77373,-73.98007,-05:00,2023-12-27,metric,100.0,94.0,2.03,6.09,8.48,6.12,8.27,6.42,6.47,1022.0,6.17,50.0
40.77373,-73.98007,-05:00,2023-12-28,metric,100.0,91.0,21.56,7.92,11.4,9.03,8.15,10.43,8.42,1008.0,12.52,70.0
40.77373,-73.98007,-05:00,2023-12-29,metric,100.0,92.0,0.0,8.01,11.91,8.19,11.32,8.39,9.45,1005.0,5.66,230.0
40.77373,-73.98007,-05:00,2023-12-30,metric,0.0,74.0,0.36,3.59,12.18,6.31,12.18,3.83,8.78,1003.0,9.39,291.0
40.77373,-73.98007,-05:00,2023-12-31,metric,100.0,64.0,0.0,3.38,6.93,4.28,6.87,3.38,5.44,1012.0,9.26,290.0
40.77373,-73.98007,-05:00,2024-01-01,metric,100.0,66.0,0.31,3.66,7.17,4.85,5.48,3.66,5.16,1016.0,5.66,310.0
40.77373,-73.98007,-05:00,2024-01-02,metric,0.0,73.0,0.0,-2.16,7.14,-0.28,7.12,-1.97,4.11,1019.0,7.6,38.0
40.77373,-73.98007,-05:00,2024-01-03,metric,0.0,70.0,0.0,0.3,5.62,1.12,4.92,0.59,3.02,1016.0,6.17,300.0
40.77373,-73.98007,-05:00,2024-01-04,metric,100.0,65.0,0.0,3.08,6.17,3.34,5.51,3.16,3.91,1015.0,9.77,320.0
40.77373,-73.98007,-05:00,2024-01-05,metric,0.0,60.0,0.0,-3.79,6.48,-3.46,6.48,-3.39,0.44,1024.0,12.86,320.0
40.77373,-73.98007,-05:00,2024-01-06,metric,0.0,65.0,0.0,-1.36,2.82,-0.91,2.59,-0.72,0.58,1023.0,6.17,300.0
40.77373,-73.98007,-05:00,2024-01-07,metric,100.0,90.0,19.81,0.86,2.34,1.79,2.34,2.11,1.24,1004.0,12.86,50.0
40.77373,-73.98007,-05:00,2024-01-08,metric,100.0,72.0,0.0,1.57,5.98,2.05,2.34,2.07,1.86,1018.0,9.26,300.0
40.77373,-73.98007,-05:00,2024-01-09,metric,0.0,75.0,1.39,0.35,6.4,0.82,6.34,1.75,2.51,1030.0,7.72,120.0
40.77373,-73.98007,-05:00,2024-01-10,metric,100.0,92.0,41.12,5.63,12.82,12.03,5.63,9.2,10.56,986.0,15.95,160.0
40.77373,-73.98007,-05:00,2024-01-11,metric,100.0,60.0,0.0,4.54,8.51,5.96,8.51,4.54,7.59,1007.0,13.89,250.0
40.77373,-73.98007,-05:00,2024-01-12,metric,0.0,68.0,0.0,2.13,8.33,4.29,7.11,2.54,6.75,1020.0,7.2,10.0
40.77373,-73.98007,-05:00,2024-01-13,metric,100.0,90.0,13.27,6.13,14.07,9.19,8.67,12.69,6.82,1000.0,12.35,110.0
40.77373,-73.98007,-05:00,2024-01-14,metric,20.0,55.0,0.0,-0.17,9.05,0.92,9.05,0.05,3.85,1010.0,13.38,260.0
40.77373,-73.98007,-05:00,2024-01-15,metric,0.0,46.0,0.0,-5.07,3.35,-4.13,2.67,-4.96,-1.45,1023.0,15.43,280.0
40.77373,-73.98007,-05:00,2024-01-16,metric,100.0,83.0,9.51,-4.21,-1.09,-4.0,-2.52,-2.93,-2.27,1020.0,7.72,40.0
40.77373,-73.98007,-05:00,2024-01-17,metric,0.0,68.0,1.11,-8.51,-1.23,-6.57,-1.23,-8.51,-3.34,1013.0,9.77,300.0
40.77373,-73.98007,-05:00,2024-01-18,metric,0.0,50.0,0.0,-6.31,-2.08,-6.31,-4.72,-4.9,-5.73,1022.0,9.77,280.0
40.77373,-73.98007,-05:00,2024-01-19,metric,0.0,62.0,1.49,-2.16,-0.24,-1.34,-1.11,-1.73,-0.39,1015.0,7.2,40.0
40.77373,-73.98007,-05:00,2024-01-20,metric,0.0,56.0,0.56,-8.29,-2.18,-5.76,-2.21,-8.15,-3.57,1013.0,10.29,310.0
40.77373,-73.98007,-05:00,2024-01-21,metric,75.0,64.0,0.0,-7.06,-2.29,-6.4,-4.67,-6.89,-7.02,1022.0,12.35,300.0
40.77373,-73.98007,-05:00,2024-01-22,metric,0.0,63.0,0.0,-5.22,1.45,-4.78,-1.32,-4.82,-3.14,1035.0,10.29,300.0
40.77373,-73.98007,-05:00,2024-01-23,metric,100.0,56.0,1.27,0.63,3.25,0.97,2.18,1.42,1.33,1032.0,7.2,230.0
40.77373,-73.98007,-05:00,2024-01-24,metric,100.0,79.0,1.62,2.48,4.67,2.55,3.28,3.26,2.9,1035.0,4.63,50.0
40.77373,-73.98007,-05:00,2024-01-25,metric,100.0,91.0,5.83,4.77,11.93,6.08,4.83,8.2,4.99,1022.0,4.12,230.0
40.77373,-73.98007,-05:00,2024-01-26,metric,100.0,89.0,2.13,4.92,12.63,6.17,12.63,5.24,10.45,1022.0,8.75,40.0
40.77373,-73.98007,-05:00,2024-01-27,metric,100.0,93.0,0.0,5.25,7.48,6.02,6.29,5.31,6.28,1020.0,5.14,50.0
40.77373,-73.98007,-05:00,2024-01-28,metric,100.0,84.0,19.43,3.65,7.51,4.92,7.51,3.69,5.84,1021.0,10.8,50.0
40.77373,-73.98007,-05:00,2024-01-29,metric,100.0,89.0,0.86,2.37,3.73,2.39,3.73,2.44,2.74,1005.0,10.8,70.0
40.77373,-73.98007,-05:00,2024-01-30,metric,100.0,72.0,0.0,1.11,3.68,1.43,3.68,1.21,2.42,1021.0,8.75,330.0
40.77373,-73.98007,-05:00,2024-01-31,metric,100.0,84.0,0.6,0.86,3.26,1.14,2.5,1.25,1.8,1023.0,6.17,110.0
40.77373,-73.98007,-05:00,2024-02-01,metric,100.0,80.0,0.0,0.52,5.66,2.62,3.47,1.5,3.03,1019.0,5.14,220.0
40.77373,-73.98007,-05:00,2024-02-02,metric,100.0,82.0,5.01,4.35,6.56,4.98,6.22,4.52,6.16,1013.0,7.2,10.0
40.77373,-73.98007,-05:00,2024-02-03,metric,75.0,69.0,0.0,-0.06,5.63,1.66,5.41,0.05,3.84,1017.0,8.94,36.0
40.77373,-73.98007,-05:00,2024-02-04,metric,0.0,65.0,0.0,-1.52,6.09,0.13,5.47,-1.07,3.21,1018.0,7.2,350.0
40.77373,-73.98007,-05:00,2024-02-05,metric,0.0,62.0,0.0,-0.92,7.32,0.5,6.99,-0.41,3.51,1014.0,12.07,46.0
40.77373,-73.98007,-05:00,2024-02-06,metric,0.0,44.0,0.0,-2.44,6.66,-1.26,6.39,-1.78,2.3,1020.0,9.77,360.0
40.77373,-73.98007,-05:00,2024-02-07,metric,0.0,65.0,0.0,-0.75,6.78,-0.24,4.58,0.12,2.1,1025.0,6.69,40.0
40.77373,-73.98007,-05:00,2024-02-08,metric,75.0,74.0,0.0,0.65,9.62,1.54,7.8,1.82,3.64,1026.0,4.02,47.0
40.77373,-73.98007,-05:00,2024-02-09,metric,100.0,71.0,0.0,4.59,10.7,4.73,10.25,5.18,5.31,1023.0,5.66,170.0
40.77373,-73.98007,-05:00,2024-02-10,metric,75.0,82.0,0.0,4.86,13.09,5.75,11.09,5.29,6.7,1014.0,6.17,160.0
40.77373,-73.98007,-05:00,2024-02-11,metric,75.0,81.0,0.0,6.42,14.47,8.99,13.74,6.42,11.98,1012.0,7.2,320.0
40.77373,-73.98007,-05:00,2024-02-12,metric,100.0,67.0,0.0,1.67,8.27,4.2,7.92,1.99,6.59,1014.0,5.14,310.0
40.77373,-73.98007,-05:00,2024-02-13,metric,100.0,73.0,18.33,0.0,7.55,3.05,7.55,0.0,4.77,1005.0,9.77,20.0
40.77373,-73.98007,-05:00,2024-02-14,metric,0.0,62.0,0.0,-1.97,3.75,1.75,2.56,-1.97,2.62,1012.0,12.35,300.0
40.77373,-73.98007,-05:00,2024-02-15,metric,0.0,58.0,0.0,-3.73,2.66,-2.46,1.27,-2.85,-0.52,1022.0,12.35,320.0
40.77373,-73.98007,-05:00,2024-02-16,metric,0.0,70.0,0.0,1.66,4.61,2.62,2.72,1.85,2.2,1007.0,12.35,320.0
40.77373,-73.98007,-05:00,2024-02-17,metric,100.0,84.0,7.48,-1.35,5.4,-0.96,5.06,-0.96,2.18,1012.0,9.26,310.0
40.77373,-73.98007,-05:00,2024-02-18,metric,40.0,61.0,2.97,-4.64,2.28,-4.05,1.13,-3.46,-1.75,1015.0,12.35,240.0
40.77373,-73.98007,-05:00,2024-02-19,metric,0.0,54.0,0.0,-0.69,4.18,0.52,3.24,0.56,2.01,1016.0,11.32,240.0
40.77373,-73.98007,-05:00,2024-02-20,metric,0.0,49.0,0.0,-4.16,4.09,-2.32,3.94,-3.1,0.99,1030.0,7.15,13.0
40.77373,-73.98007,-05:00,2024-02-21,metric,0.0,64.0,0.0,-1.69,3.43,-1.43,2.49,-0.62,-0.52,1033.0,6.17,80.0
40.77373,-73.98007,-05:00,2024-02-22,metric,100.0,74.0,0.0,0.09,5.67,0.43,3.74,0.86,1.85,1024.0,5.66,170.0
40.77373,-73.98007,-05:00,2024-02-23,metric,100.0,88.0,6.86,4.09,7.17,4.79,5.29,4.88,4.22,1004.0,6.71,190.0
40.77373,-73.98007,-05:00,2024-02-24,metric,0.0,82.0,0.0,3.95,7.55,4.78,7.27,4.18,6.4,1000.0,7.72,330.0
40.77373,-73.98007,-05:00,2024-02-25,metric,0.0,44.0,0.0,-5.3,5.77,-3.85,5.77,-4.37,0.82,1018.0,7.72,330.0
40.77373,-73.98007,-05:00,2024-02-26,metric,40.0,65.0,0.0,0.61,8.74,0.63,3.05,2.02,1.09,1019.0,6.71,160.0
40.77373,-73.98007,-05:00,2024-02-27,metric,0.0,80.0,0.0,3.92,11.83,4.82,10.56,4.66,6.94,1017.0,5.36,170.0
40.77373,-73.98007,-05:00,2024-02-28,metric,100.0,89.0,14.85,9.66,12.6,10.78,11.93,10.54,9.77,1010.0,7.2,160.0
40.77373,-73.98007,-05:00,2024-02-29,metric,20.0,49.0,7.97,-0.82,13.55,1.74,12.87,-0.17,13.55,1015.0,16.46,300.0
40.77373,-73.98007,-05:00,2024-03-01,metric,0.0,50.0,0.0,-2.02,6.37,-1.2,4.21,-0.26,2.17,1034.0,10.29,280.0
40.77373,-73.98007,-05:00,2024-03-02,metric,100.0,78.0,9.43,4.17,7.67,5.11,6.4,5.51,4.36,1034.0,8.23,160.0
40.77373,-73.98007,-05:00,2024-03-03,metric,100.0,93.0,13.43,8.16,17.42,8.21,8.3,9.53,9.75,1019.0,8.23,90.0
40.77373,-73.98007,-05:00,2024-03-04,metric,20.0,79.0,0.0,8.38,18.83,9.19,18.18,9.28,14.29,1026.0,6.71,120.0
40.77373,-73.98007,-05:00,2024-03-05,metric,100.0,87.0,4.79,5.45,13.26,6.36,13.26,5.5,7.55,1027.0,10.29,60.0
40.77373,-73.98007,-05:00,2024-03-06,metric,100.0,92.0,3.9,6.95,9.47,8.04,6.95,8.66,7.41,1018.0,9.26,60.0
40.77373,-73.98007,-05:00,2024-03-07,metric,100.0,93.0,24.0,8.22,11.94,9.56,9.16,9.24,8.22,1007.0,11.32,340.0
40.77373,-73.98007,-05:00,2024-03-08,metric,0.0,75.0,0.0,3.53,11.25,5.47,11.19,5.17,9.02,1023.0,10.29,10.0
40.77373,-73.98007,-05:00,2024-03-09,metric,75.0,76.0,0.0,4.57,12.24,5.14,11.76,4.76,6.83,1027.0,7.72,120.0
40.77373,-73.98007,-05:00,2024-03-10,metric,100.0,92.0,16.48,5.21,9.3,7.52,5.21,7.07,6.87,997.0,12.86,110.0
40.77373,-73.98007,-04:00,2024-03-11,metric,100.0,60.0,0.35,1.68,10.24,2.02,5.79,4.03,3.17,1001.0,16.99,300.0
40.77373,-73.98007,-04:00,2024-03-12,metric,0.0,38.0,0.0,5.75,17.81,5.77,10.62,9.75,7.56,1011.0,13.38,320.0
40.77373,-73.98007,-04:00,2024-03-13,metric,0.0,61.0,0.0,7.64,18.46,8.64,18.32,11.82,12.14,1012.0,8.23,320.0
40.77373,-73.98007,-04:00,2024-03-14,metric,0.0,82.0,0.0,7.1,21.6,7.72,15.49,11.7,9.0,1016.0,6.17,130.0
40.77373,-73.98007,-04:00,2024-03-15,metric,75.0,65.0,0.52,10.91,21.13,12.63,21.11,15.92,11.79,1009.0,10.29,300.0
40.77373,-73.98007,-04:00,2024-03-16,metric,100.0,73.0,0.0,7.2,19.53,8.74,19.53,9.98,11.68,1008.0,9.26,300.0
40.77373,-73.98007,-04:00,2024-03-17,metric,75.0,74.0,0.0,9.1,15.49,9.17,13.74,11.29,11.08,1003.0,9.26,260.0
40.77373,-73.98007,-04:00,2024-03-18,metric,100.0,53.0,0.0,5.54,15.65,7.05,15.65,6.73,10.18,1007.0,10.28,270.0
40.77373,-73.98007,-04:00,2024-03-19,metric,20.0,60.0,0.0,1.4,8.93,1.56,8.93,2.89,4.41,1008.0,10.8,310.0
40.77373,-73.98007,-04:00,2024-03-20,metric,100.0,72.0,0.0,3.47,12.26,4.78,7.1,7.62,3.7,1006.0,11.83,250.0
40.77373,-73.98007,-04:00,2024-03-21,metric,20.0,45.0,0.89,-1.74,11.87,-1.03,11.87,0.4,2.74,1016.0,11.83,300.0
40.77373,-73.98007,-04:00,2024-03-22,metric,0.0,49.0,0.0,-2.52,5.51,-1.77,5.02,0.49,1.49,1029.0,10.8,310.0
40.77373,-73.98007,-04:00,2024-03-23,metric,100.0,89.0,38.09,3.41,8.31,3.59,4.38,6.04,4.25,1020.0,10.8,360.0
40.77373,-73.98007,-04:00,2024-03-24,metric,0.0,55.0,3.62,-1.07,7.07,-0.08,6.52,1.59,3.29,1018.0,11.83,340.0
