date,weather_code,temperature_2m_max,temperature_2m_min,apparent_temperature_max,apparent_temperature_min,sunrise,sunset,daylight_duration,sunshine_duration,uv_index_max,uv_index_clear_sky_max,precipitation_sum,rain_sum,showers_sum,snowfall_sum,precipitation_hours,precipitation_probability_max,wind_speed_10m_max,wind_gusts_10m_max,wind_direction_10m_dominant,shortwave_radiation_sum,et0_fao_evapotranspiration
2023-04-01 04:00:00+00:00,,,,,,0,0,45649.156,,,,,,,,0.0,,,,,,
2023-04-02 04:00:00+00:00,,,,,,0,0,45811.32,,,,,,,,0.0,,,,,,
2023-04-03 04:00:00+00:00,,,,,,0,0,45972.79,,,,,,,,0.0,,,,,,
2023-04-04 04:00:00+00:00,,,,,,0,0,46133.46,,,,,,,,0.0,,,,,,
2023-04-05 04:00:00+00:00,,,,,,0,0,46293.215,,,,,,,,0.0,,,,,,
2023-04-06 04:00:00+00:00,,,,,,0,0,46451.95,,,,,,,,0.0,,,,,,
2023-04-07 04:00:00+00:00,,,,,,0,0,46609.547,,,,,,,,0.0,,,,,,
2023-04-08 04:00:00+00:00,,,,,,0,0,46766.246,,,,,,,,0.0,,,,,,
2023-04-09 04:00:00+00:00,,,,,,0,0,46923.12,,,,,,,,0.0,,,,,,
2023-04-10 04:00:00+00:00,,,,,,0,0,47080.16,,,,,,,,0.0,,,,,,
2023-04-11 04:00:00+00:00,,,,,,0,0,47237.258,,,,,,,,0.0,,,,,,
2023-04-12 04:00:00+00:00,,,,,,0,0,47394.316,,,,,,,,0.0,,,,,,
2023-04-13 04:00:00+00:00,,,,,,0,0,47551.23,,,,,,,,0.0,,,,,,
2023-04-14 04:00:00+00:00,,,,,,0,0,47707.89,,,,,,,,0.0,,,,,,
2023-04-15 04:00:00+00:00,,,,,,0,0,47864.195,,,,,,,,0.0,,,,,,
2023-04-16 04:00:00+00:00,,,,,,0,0,48020.027,,,,,,,,0.0,,,,,,
2023-04-17 04:00:00+00:00,,,,,,0,0,48175.28,,,,,,,,0.0,,,,,,
2023-04-18 04:00:00+00:00,,,,,,0,0,48329.844,,,,,,,,0.0,,,,,,
2023-04-19 04:00:00+00:00,,,,,,0,0,48483.594,,,,,,,,0.0,,,,,,
2023-04-20 04:00:00+00:00,,,,,,0,0,48636.418,,,,,,,,0.0,,,,,,
2023-04-21 04:00:00+00:00,,,,,,0,0,48788.19,,,,,,,,0.0,,,,,,
2023-04-22 04:00:00+00:00,,,,,,0,0,48938.797,,,,,,,,0.0,,,,,,
2023-04-23 04:00:00+00:00,,,,,,0,0,49088.1,,,,,,,,0.0,,,,,,
2023-04-24 04:00:00+00:00,,,,,,0,0,49235.98,,,,,,,,0.0,,,,,,
2023-04-25 04:00:00+00:00,,,,,,0,0,49382.31,,,,,,,,0.0,,,,,,
2023-04-26 04:00:00+00:00,,,,,,0,0,49526.94,,,,,,,,0.0,,,,,,
2023-04-27 04:00:00+00:00,,,,,,0,0,49669.746,,,,,,,,0.0,,,,,,
2023-04-28 04:00:00+00:00,,,,,,0,0,49810.938,,,,,,,,0.0,,,,,,
2023-04-29 04:00:00+00:00,,,,,,0,0,49951.54,,,,,,,,0.0,,,,,,
2023-04-30 04:00:00+00:00,,,,,,0,0,50091.527,,,,,,,,0.0,,,,,,
2023-05-01 04:00:00+00:00,,,,,,0,0,50230.78,,,,,,,,0.0,,,,,,
2023-05-02 04:00:00+00:00,,,,,,0,0,50369.203,,,,,,,,0.0,,,,,,
2023-05-03 04:00:00+00:00,,,,,,0,0,50506.668,,,,,,,,0.0,,,,,,
2023-05-04 04:00:00+00:00,,,,,,0,0,50643.05,,,,,,,,0.0,,,,,,
2023-05-05 04:00:00+00:00,,,,,,0,0,50778.24,,,,,,,,0.0,,,,,,
2023-05-06 04:00:00+00:00,,,,,,0,0,50912.1,,,,,,,,0.0,,,,,,
2023-05-07 04:00:00+00:00,,,,,,0,0,51044.51,,,,,,,,0.0,,,,,,
2023-05-08 04:00:00+00:00,,,,,,0,0,51175.348,,,,,,,,0.0,,,,,,
2023-05-09 04:00:00+00:00,,,,,,0,0,51304.465,,,,,,,,0.0,,,,,,
2023-05-10 04:00:00+00:00,,,,,,0,0,51431.74,,,,,,,,0.0,,,,,,
2023-05-11 04:00:00+00:00,,,,,,0,0,51557.027,,,,,,,,0.0,,,,,,
2023-05-12 04:00:00+00:00,,,,,,0,0,51680.188,,,,,,,,0.0,,,,,,
2023-05-13 04:00:00+00:00,,,,,,0,0,51801.082,,,,,,,,0.0,,,,,,
2023-05-14 04:00:00+00:00,,,,,,0,0,51919.562,,,,,,,,0.0,,,,,,
2023-05-15 04:00:00+00:00,,,,,,0,0,52035.484,,,,,,,,0.0,,,,,,
2023-05-16 04:00:00+00:00,,,,,,0,0,52148.69,,,,,,,,0.0,,,,,,
2023-05-17 04:00:00+00:00,,,,,,0,0,52259.035,,,,,,,,0.0,,,,,,
2023-05-18 04:00:00+00:00,,,,,,0,0,52366.656,,,,,,,,0.0,,,,,,
2023-05-19 04:00:00+00:00,,,,,,0,0,52472.418,,,,,,,,0.0,,,,,,
2023-05-20 04:00:00+00:00,,,,,,0,0,52576.293,,,,,,,,0.0,,,,,,
2023-05-21 04:00:00+00:00,,,,,,0,0,52678.168,,,,,,,,0.0,,,,,,
2023-05-22 04:00:00+00:00,,,,,,0,0,52777.945,,,,,,,,0.0,,,,,,
2023-05-23 04:00:00+00:00,,,,,,0,0,52875.52,,,,,,,,0.0,,,,,,
2023-05-24 04:00:00+00:00,,,,,,0,0,52970.77,,,,,,,,0.0,,,,,,
2023-05-25 04:00:00+00:00,,,,,,0,0,53063.6,,,,,,,,0.0,,,,,,
2023-05-26 04:00:00+00:00,,,,,,0,0,53153.895,,,,,,,,0.0,,,,,,
2023-05-27 04:00:00+00:00,,,,,,0,0,53241.543,,,,,,,,0.0,,,,,,
2023-05-28 04:00:00+00:00,,,,,,0,0,53326.434,,,,,,,,0.0,,,,,,
2023-05-29 04:00:00+00:00,,,,,,0,0,53408.44,,,,,,,,0.0,,,,,,
2023-05-30 04:00:00+00:00,,,,,,0,0,53487.47,,,,,,,,0.0,,,,,,
2023-05-31 04:00:00+00:00,,,,,,0,0,53563.39,,,,,,,,0.0,,,,,,
2023-06-01 04:00:00+00:00,,,,,,0,0,53636.098,,,,,,,,0.0,,,,,,
2023-06-02 04:00:00+00:00,,,,,,0,0,53705.47,,,,,,,,0.0,,,,,,
2023-06-03 04:00:00+00:00,,,,,,0,0,53771.387,,,,,,,,0.0,,,,,,
2023-06-04 04:00:00+00:00,,,,,,0,0,53833.742,,,,,,,,0.0,,,,,,
2023-06-05 04:00:00+00:00,,,,,,0,0,53892.414,,,,,,,,0.0,,,,,,
2023-06-06 04:00:00+00:00,,,,,,0,0,53947.29,,,,,,,,0.0,,,,,,
2023-06-07 04:00:00+00:00,,,,,,0,0,53998.414,,,,,,,,0.0,,,,,,
2023-06-08 04:00:00+00:00,,,,,,0,0,54046.207,,,,,,,,0.0,,,,,,
2023-06-09 04:00:00+00:00,,,,,,0,0,54090.676,,,,,,,,0.0,,,,,,
2023-06-10 04:00:00+00:00,,,,,,0,0,54131.785,,,,,,,,0.0,,,,,,
2023-06-11 04:00:00+00:00,,,,,,0,0,54169.5,,,,,,,,0.0,,,,,,
2023-06-12 04:00:00+00:00,,,,,,0,0,54203.793,,,,,,,,0.0,,,,,,
2023-06-13 04:00:00+00:00,,,,,,0,0,54234.625,,,,,,,,0.0,,,,,,
2023-06-14 04:00:00+00:00,,,,,,0,0,54261.973,,,,,,,,0.0,,,,,,
2023-06-15 04:00:00+00:00,,,,,,0,0,54285.812,,,,,,,,0.0,,,,,,
2023-06-16 04:00:00+00:00,,,,,,0,0,54306.105,,,,,,,,0.0,,,,,,
2023-06-17 04:00:00+00:00,,,,,,0,0,54322.84,,,,,,,,0.0,,,,,,
2023-06-18 04:00:00+00:00,,,,,,0,0,54335.984,,,,,,,,0.0,,,,,,
2023-06-19 04:00:00+00:00,,,,,,0,0,54345.527,,,,,,,,0.0,,,,,,
2023-06-20 04:00:00+00:00,,,,,,0,0,54351.44,,,,,,,,0.0,,,,,,
2023-06-21 04:00:00+00:00,,,,,,0,0,54353.703,,,,,,,,0.0,,,,,,
2023-06-22 04:00:00+00:00,,,,,,0,0,54352.305,,,,,,,,0.0,,,,,,
2023-06-23 04:00:00+00:00,,,,,,0,0,54347.23,,,,,,,,0.0,,,,,,
2023-06-24 04:00:00+00:00,,,,,,0,0,54338.457,,,,,,,,0.0,,,,,,
2023-06-25 04:00:00+00:00,,,,,,0,0,54325.996,,,,,,,,0.0,,,,,,
2023-06-26 04:00:00+00:00,,,,,,0,0,54309.816,,,,,,,,0.0,,,,,,
2023-06-27 04:00:00+00:00,,,,,,0,0,54289.855,,,,,,,,0.0,,,,,,
2023-06-28 04:00:00+00:00,,,,,,0,0,54265.918,,,,,,,,0.0,,,,,,
2023-06-29 04:00:00+00:00,,,,,,0,0,54238.06,,,,,,,,0.0,,,,,,
2023-06-30 04:00:00+00:00,,,,,,0,0,54206.367,,,,,,,,0.0,,,,,,
2023-07-01 04:00:00+00:00,,,,,,0,0,54170.91,,,,,,,,0.0,,,,,,
2023-07-02 04:00:00+00:00,,,,,,0,0,54131.77,,,,,,,,0.0,,,,,,
2023-07-03 04:00:00+00:00,,,,,,0,0,54089.04,,,,,,,,0.0,,,,,,
2023-07-04 04:00:00+00:00,,,,,,0,0,54042.79,,,,,,,,0.0,,,,,,
2023-07-05 04:00:00+00:00,,,,,,0,0,53993.11,,,,,,,,0.0,,,,,,
2023-07-06 04:00:00+00:00,,,,,,0,0,53940.086,,,,,,,,0.0,,,,,,
2023-07-07 04:00:00+00:00,,,,,,0,0,53883.8,,,,,,,,0.0,,,,,,
2023-07-08 04:00:00+00:00,,,,,,0,0,53824.348,,,,,,,,0.0,,,,,,
2023-07-09 04:00:00+00:00,,,,,,0,0,53761.81,,,,,,,,0.0,,,,,,
2023-07-10 04:00:00+00:00,,,,,,0,0,53696.27,,,,,,,,0.0,,,,,,
2023-07-11 04:00:00+00:00,,,,,,0,0,53627.812,,,,,,,,0.0,,,,,,
2023-07-12 04:00:00+00:00,,,,,,0,0,53556.535,,,,,,,,0.0,,,,,,
2023-07-13 04:00:00+00:00,,,,,,0,0,53482.516,,,,,,,,0.0,,,,,,
2023-07-14 04:00:00+00:00,,,,,,0,0,53405.844,,,,,,,,0.0,,,,,,
2023-07-15 04:00:00+00:00,,,,,,0,0,53326.605,,,,,,,,0.0,,,,,,
2023-07-16 04:00:00+00:00,,,,,,0,0,53244.89,,,,,,,,0.0,,,,,,
2023-07-17 04:00:00+00:00,,,,,,0,0,53160.527,,,,,,,,0.0,,,,,,
2023-07-18 04:00:00+00:00,,,,,,0,0,53072.805,,,,,,,,0.0,,,,,,
2023-07-19 04:00:00+00:00,,,,,,0,0,52981.805,,,,,,,,0.0,,,,,,
2023-07-20 04:00:00+00:00,,,,,,0,0,52887.676,,,,,,,,0.0,,,,,,
2023-07-21 04:00:00+00:00,,,,,,0,0,52790.562,,,,,,,,0.0,,,,,,
2023-07-22 04:00:00+00:00,,,,,,0,0,52690.6,,,,,,,,0.0,,,,,,
2023-07-23 04:00:00+00:00,,,,,,0,0,52587.94,,,,,,,,0.0,,,,,,
2023-07-24 04:00:00+00:00,,,,,,0,0,52482.71,,,,,,,,0.0,,,,,,
2023-07-25 04:00:00+00:00,,,,,,0,0,52375.06,,,,,,,,0.0,,,,,,
2023-07-26 04:00:00+00:00,,,,,,0,0,52265.113,,,,,,,,0.0,,,,,,
2023-07-27 04:00:00+00:00,,,,,,0,0,52153.008,,,,,,,,0.0,,,,,,
2023-07-28 04:00:00+00:00,,,,,,0,0,52038.88,,,,,,,,0.0,,,,,,
2023-07-29 04:00:00+00:00,,,,,,0,0,51922.85,,,,,,,,0.0,,,,,,
2023-07-30 04:00:00+00:00,,,,,,0,0,51805.055,,,,,,,,0.0,,,,,,
2023-07-31 04:00:00+00:00,,,,,,0,0,51685.61,,,,,,,,0.0,,,,,,
2023-08-01 04:00:00+00:00,,,,,,0,0,51564.64,,,,,,,,0.0,,,,,,
2023-08-02 04:00:00+00:00,,,,,,0,0,51442.27,,,,,,,,0.0,,,,,,
2023-08-03 04:00:00+00:00,,,,,,0,0,51318.613,,,,,,,,0.0,,,,,,
2023-08-04 04:00:00+00:00,,,,,,0,0,51193.785,,,,,,,,0.0,,,,,,
2023-08-05 04:00:00+00:00,,,,,,0,0,51067.9,,,,,,,,0.0,,,,,,
2023-08-06 04:00:00+00:00,,,,,,0,0,50940.742,,,,,,,,0.0,,,,,,
2023-08-07 04:00:00+00:00,,,,,,0,0,50811.35,,,,,,,,0.0,,,,,,
2023-08-08 04:00:00+00:00,,,,,,0,0,50679.797,,,,,,,,0.0,,,,,,
2023-08-09 04:00:00+00:00,,,,,,0,0,50546.21,,,,,,,,0.0,,,,,,
2023-08-10 04:00:00+00:00,,,,,,0,0,50410.742,,,,,,,,0.0,,,,,,
2023-08-11 04:00:00+00:00,,,,,,0,0,50273.523,,,,,,,,0.0,,,,,,
2023-08-12 04:00:00+00:00,,,,,,0,0,50134.695,,,,,,,,0.0,,,,,,
2023-08-13 04:00:00+00:00,,,,,,0,0,49994.375,,,,,,,,0.0,,,,,,
2023-08-14 04:00:00+00:00,,,,,,0,0,49852.707,,,,,,,,0.0,,,,,,
2023-08-15 04:00:00+00:00,,,,,,0,0,49709.81,,,,,,,,0.0,,,,,,
2023-08-16 04:00:00+00:00,,,,,,0,0,49565.805,,,,,,,,0.0,,,,,,
2023-08-17 04:00:00+00:00,,,,,,0,0,49420.82,,,,,,,,0.0,,,,,,
2023-08-18 04:00:00+00:00,,,,,,0,0,49274.97,,,,,,,,0.0,,,,,,
2023-08-19 04:00:00+00:00,,,,,,0,0,49128.375,,,,,,,,0.0,,,,,,
2023-08-20 04:00:00+00:00,,,,,,0,0,48981.137,,,,,,,,0.0,,,,,,
2023-08-21 04:00:00+00:00,,,,,,0,0,48833.38,,,,,,,,0.0,,,,,,
2023-08-22 04:00:00+00:00,,,,,,0,0,48685.203,,,,,,,,0.0,,,,,,
2023-08-23 04:00:00+00:00,,,,,,0,0,48536.72,,,,,,,,0.0,,,,,,
2023-08-24 04:00:00+00:00,,,,,,0,0,48388.035,,,,,,,,0.0,,,,,,
2023-08-25 04:00:00+00:00,,,,,,0,0,48239.258,,,,,,,,0.0,,,,,,
2023-08-26 04:00:00+00:00,,,,,,0,0,48090.137,,,,,,,,0.0,,,,,,
2023-08-27 04:00:00+00:00,,,,,,0,0,47939.67,,,,,,,,0.0,,,,,,
2023-08-28 04:00:00+00:00,,,,,,0,0,47787.906,,,,,,,,0.0,,,,,,
2023-08-29 04:00:00+00:00,,,,,,0,0,47634.945,,,,,,,,0.0,,,,,,
2023-08-30 04:00:00+00:00,,,,,,0,0,47480.906,,,,,,,,0.0,,,,,,
2023-08-31 04:00:00+00:00,,,,,,0,0,47325.895,,,,,,,,0.0,,,,,,
2023-09-01 04:00:00+00:00,,,,,,0,0,47170.027,,,,,,,,0.0,,,,,,
2023-09-02 04:00:00+00:00,,,,,,0,0,47013.406,,,,,,,,0.0,,,,,,
2023-09-03 04:00:00+00:00,,,,,,0,0,46856.14,,,,,,,,0.0,,,,,,
2023-09-04 04:00:00+00:00,,,,,,0,0,46698.324,,,,,,,,0.0,,,,,,
2023-09-05 04:00:00+00:00,,,,,,0,0,46540.07,,,,,,,,0.0,,,,,,
2023-09-06 04:00:00+00:00,,,,,,0,0,46381.473,,,,,,,,0.0,,,,,,
2023-09-07 04:00:00+00:00,,,,,,0,0,46222.633,,,,,,,,0.0,,,,,,
2023-09-08 04:00:00+00:00,,,,,,0,0,46063.645,,,,,,,,0.0,,,,,,
2023-09-09 04:00:00+00:00,,,,,,0,0,45904.61,,,,,,,,0.0,,,,,,
2023-09-10 04:00:00+00:00,,,,,,0,0,45745.62,,,,,,,,0.0,,,,,,
2023-09-11 04:00:00+00:00,,,,,,0,0,45586.773,,,,,,,,0.0,,,,,,
2023-09-12 04:00:00+00:00,,,,,,0,0,45428.156,,,,,,,,0.0,,,,,,
2023-09-13 04:00:00+00:00,,,,,,0,0,45269.867,,,,,,,,0.0,,,,,,
2023-09-14 04:00:00+00:00,,,,,,0,0,45111.996,,,,,,,,0.0,,,,,,
2023-09-15 04:00:00+00:00,,,,,,0,0,44954.297,,,,,,,,0.0,,,,,,
2023-09-16 04:00:00+00:00,,,,,,0,0,44795.742,,,,,,,,0.0,,,,,,
2023-09-17 04:00:00+00:00,,,,,,0,0,44636.363,,,,,,,,0.0,,,,,,
2023-09-18 04:00:00+00:00,,,,,,0,0,44476.254,,,,,,,,0.0,,,,,,
2023-09-19 04:00:00+00:00,,,,,,0,0,44315.516,,,,,,,,0.0,,,,,,
2023-09-20 04:00:00+00:00,,,,,,0,0,44154.25,,,,,,,,0.0,,,,,,
2023-09-21 04:00:00+00:00,,,,,,0,0,43992.56,,,,,,,,0.0,,,,,,
2023-09-22 04:00:00+00:00,,,,,,0,0,43830.53,,,,,,,,0.0,,,,,,
2023-09-23 04:00:00+00:00,,,,,,0,0,43668.277,,,,,,,,0.0,,,,,,
2023-09-24 04:00:00+00:00,,,,,,0,0,43505.895,,,,,,,,0.0,,,,,,
2023-09-25 04:00:00+00:00,,,,,,0,0,43343.473,,,,,,,,0.0,,,,,,
2023-09-26 04:00:00+00:00,,,,,,0,0,43181.113,,,,,,,,0.0,,,,,,
2023-09-27 04:00:00+00:00,,,,,,0,0,43018.914,,,,,,,,0.0,,,,,,
2023-09-28 04:00:00+00:00,,,,,,0,0,42856.973,,,,,,,,0.0,,,,,,
2023-09-29 04:00:00+00:00,,,,,,0,0,42695.39,,,,,,,,0.0,,,,,,
2023-09-30 04:00:00+00:00,,,,,,0,0,42534.266,,,,,,,,0.0,,,,,,
2023-10-01 04:00:00+00:00,,,,,,0,0,42373.695,,,,,,,,0.0,,,,,,
2023-10-02 04:00:00+00:00,,,,,,0,0,42213.773,,,,,,,,0.0,,,,,,
2023-10-03 04:00:00+00:00,,,,,,0,0,42054.613,,,,,,,,0.0,,,,,,
2023-10-04 04:00:00+00:00,,,,,,0,0,41896.312,,,,,,,,0.0,,,,,,
2023-10-05 04:00:00+00:00,,,,,,0,0,41738.6,,,,,,,,0.0,,,,,,
2023-10-06 04:00:00+00:00,,,,,,0,0,41580.383,,,,,,,,0.0,,,,,,
2023-10-07 04:00:00+00:00,,,,,,0,0,41421.664,,,,,,,,0.0,,,,,,
2023-10-08 04:00:00+00:00,,,,,,0,0,41262.566,,,,,,,,0.0,,,,,,
2023-10-09 04:00:00+00:00,,,,,,0,0,41103.2,,,,,,,,0.0,,,,,,
2023-10-10 04:00:00+00:00,,,,,,0,0,40943.668,,,,,,,,0.0,,,,,,
2023-10-11 04:00:00+00:00,3.0,21.4525,13.0525,17.7735,11.467296,0,0,40784.098,37534.203,4.85,4.85,0.0,0.0,0.0,0.0,0.0,,15.876775,19.8,251.42502,16.59,3.5295107
2023-10-12 04:00:00+00:00,3.0,21.9525,13.4025,19.101952,11.783878,0,0,40624.6,37368.88,4.65,4.85,0.0,0.0,0.0,0.0,0.0,,13.779114,15.84,312.56082,16.1,3.3997693
2023-10-13 04:00:00+00:00,3.0,18.3525,11.8525,14.890715,9.098128,0,0,40465.293,37203.508,4.8,4.8,0.0,0.0,0.0,0.0,0.0,,15.542662,27.359999,345.2196,16.47,3.4182484
2023-10-14 04:00:00+00:00,61.0,14.6025,10.0525,12.844809,6.9458733,0,0,40306.285,0.0,0.5,4.6,13.499999,13.549999,0.0,0.0,14.0,,17.114204,31.319998,39.652065,0.89,0.70222455
2023-10-15 04:00:00+00:00,51.0,15.8525,10.0525,10.929781,6.2100115,0,0,40147.703,33959.492,4.45,4.6,0.2,0.25,0.0,0.0,2.0,,25.076267,45.719997,331.55536,14.04,2.9789245
2023-10-16 04:00:00+00:00,53.0,17.4525,9.4025,14.290821,6.2527676,0,0,39989.668,35957.18,4.1,4.55,1.4000001,0.15,1.4000001,0.0,5.0,,16.79314,38.519997,325.52856,13.24,2.6867056
2023-10-17 04:00:00+00:00,3.0,17.0395,10.5525,15.306129,8.396836,0,0,39832.293,23447.395,4.0,4.5,0.0,0.0,0.0,0.0,0.0,,13.75558,35.64,347.16165,10.28,1.9172875
2023-10-18 04:00:00+00:00,3.0,17.3395,10.6395,16.947418,9.288155,0,0,39675.71,24677.12,4.45,4.45,0.0,0.0,0.0,0.0,0.0,0.0,7.5942082,15.84,85.322685,9.53,1.6412119
2023-10-19 04:00:00+00:00,3.0,18.1395,9.1395,16.307957,8.050168,0,0,39520.04,33672.652,4.5,4.5,0.0,0.0,0.0,0.0,0.0,0.0,18.079027,34.2,171.77057,13.89,2.3569503
2023-10-20 04:00:00+00:00,63.0,18.3895,14.039499,18.326551,12.857645,0,0,39365.418,4445.3833,2.25,4.15,12.3,18.45,0.0,0.0,6.0,100.0,20.65848,45.36,130.4086,5.36,0.9157535
2023-10-21 04:00:00+00:00,53.0,16.4895,13.039499,17.775032,9.660235,0,0,39211.965,7726.699,3.85,4.25,2.3,3.45,0.0,0.0,5.0,100.0,28.385262,50.039997,282.0852,6.66,1.5422053
2023-10-22 04:00:00+00:00,3.0,13.7395,8.839499,8.973171,3.8170595,0,0,39059.83,27934.81,2.25,4.15,0.0,0.0,0.0,0.0,0.0,4.0,27.70831,57.239998,276.88876,11.48,2.7911139
2023-10-23 04:00:00+00:00,3.0,16.4895,7.4895,13.598415,3.0620089,0,0,38909.125,33398.39,4.25,4.25,0.0,0.0,0.0,0.0,0.0,0.0,22.218153,49.68,303.17435,14.01,2.578301
2023-10-24 04:00:00+00:00,3.0,18.8895,6.5895,16.207403,4.6349115,0,0,38760.008,32496.822,4.2,4.2,0.0,0.0,0.0,0.0,0.0,0.0,14.471821,23.039999,170.93079,13.45,2.2504356
2023-10-25 04:00:00+00:00,2.0,23.7395,8.6395,21.601019,7.0008087,0,0,38612.19,32801.117,4.2,4.2,0.0,0.0,0.0,0.0,0.0,0.0,14.480773,30.239998,204.68227,13.23,2.790845
2023-10-26 04:00:00+00:00,3.0,26.5895,13.039499,26.100851,11.982775,0,0,38464.46,32853.242,4.2,4.2,0.0,0.0,0.0,0.0,0.0,0.0,15.517629,25.199999,185.39621,13.25,2.8543918
2023-10-27 04:00:00+00:00,3.0,24.939499,15.289499,24.20098,14.6843605,0,0,38316.84,13120.805,2.8,4.15,0.0,0.0,0.0,0.0,0.0,0.0,11.966953,24.119999,209.81686,9.18,2.2298074
2023-10-28 04:00:00+00:00,3.0,27.7395,17.0395,27.426626,17.341808,0,0,38169.47,32559.291,4.05,4.05,0.0,0.0,0.0,0.0,0.0,10.0,16.394829,33.839996,265.5174,12.37,3.17459
2023-10-29 04:00:00+00:00,61.0,18.189499,10.539499,15.42263,7.933014,0,0,38022.477,0.0,0.75,3.9,1.8,2.6999998,0.0,0.0,2.0,100.0,18.947083,34.56,28.00423,1.93,1.0800564
2023-10-30 04:00:00+00:00,63.0,14.9895,9.539499,14.650688,5.3154144,0,0,37876.004,0.0,2.9,3.9,9.7,14.55,0.0,0.0,4.0,100.0,22.961115,40.68,333.03778,2.51,0.74645084
2023-10-31 04:00:00+00:00,3.0,11.039499,6.7395,8.140779,3.6023016,0,0,37730.19,25200.592,3.85,3.85,0.0,0.0,0.0,0.0,0.0,7.0,17.595861,37.44,3.6122732,10.43,1.849907
2023-11-01 04:00:00+00:00,51.0,9.4395,3.6894999,6.4177675,-0.6717384,0,0,37585.19,18000.0,3.45,3.7,0.8,1.2,0.0,0.0,2.0,68.0,25.305208,37.44,320.33606,7.85,1.7570655
2023-11-02 04:00:00+00:00,1.0,10.2395,-0.41050002,5.803138,-3.9584265,0,0,37441.14,32406.77,3.65,3.65,0.0,0.0,0.0,0.0,0.0,0.0,10.805998,24.119999,267.7606,12.53,1.7470767
2023-11-03 04:00:00+00:00,2.0,13.6395,1.3895,8.917864,-1.6876156,0,0,37298.188,32400.0,3.65,3.65,0.0,0.0,0.0,0.0,0.0,0.0,18.72346,31.319998,191.44563,12.33,2.1266553
2023-11-04 04:00:00+00:00,3.0,15.7395,4.9895,12.898661,2.6096287,0,0,37156.496,26875.867,2.8,3.65,0.0,0.0,0.0,0.0,0.0,0.0,9.422101,20.16,201.35683,11.51,1.8417573
2023-11-05 04:00:00+00:00,3.0,18.2895,8.6895,15.622162,6.509302,0,0,37016.21,25802.695,2.75,3.55,0.0,0.0,0.0,0.0,0.0,0.0,13.450708,29.519999,311.60016,10.64,2.1143408
2023-11-06 04:00:00+00:00,3.0,13.289499,5.7395,11.584049,2.3401742,0,0,36877.496,32353.68,3.1,3.6,0.0,0.0,0.0,0.0,0.0,0.0,11.709688,26.28,35.537735,11.63,1.8553054
2023-11-07 04:00:00+00:00,3.0,18.9895,10.1395,16.501966,8.7213335,0,0,36740.508,14277.263,2.05,3.5,0.0,0.0,0.0,0.0,0.0,84.0,22.657131,46.8,235.27524,7.05,1.8531642
2023-11-08 04:00:00+00:00,3.0,13.1395,5.5395,9.015046,1.3677845,0,0,36605.414,28600.928,3.5,3.5,0.0,0.0,0.0,0.0,0.0,0.0,21.611996,45.719997,318.2361,11.39,2.4576147
2023-11-09 04:00:00+00:00,3.0,14.839499,4.6895003,13.493731,1.365282,0,0,36472.383,7200.0,2.8,3.4,0.0,0.0,0.0,0.0,0.0,10.0,8.669949,28.44,14.66453,3.18,0.86048347
2023-11-10 04:00:00+00:00,3.0,12.1895,6.3895,7.8477373,3.8764029,0,0,36341.594,0.0,1.9,3.45,0.0,0.0,0.0,0.0,0.0,32.0,17.673029,31.68,246.02574,5.69,1.6960877
2023-11-11 04:00:00+00:00,3.0,12.839499,3.5395,8.409639,0.7340021,0,0,36213.207,31973.207,3.35,3.35,0.0,0.0,0.0,0.0,0.0,0.0,18.089775,31.319998,309.7134,11.18,2.0573344
2023-11-12 04:00:00+00:00,3.0,7.4395003,1.3395001,3.874217,-2.4128938,0,0,36087.406,22526.04,3.0,3.2,0.0,0.0,0.0,0.0,0.0,0.0,14.707222,28.44,5.9627595,8.68,1.3513912
2023-11-13 04:00:00+00:00,3.0,9.2395,-1.2105,5.442852,-4.628076,0,0,35964.375,31823.275,3.25,3.25,0.0,0.0,0.0,0.0,0.0,0.0,14.512064,20.16,187.12492,10.88,1.4921594
2023-11-14 04:00:00+00:00,3.0,12.1395,3.3395,6.7485085,0.13215399,0,0,35843.88,31748.957,3.0,3.15,0.0,0.0,0.0,0.0,0.0,0.0,26.009844,39.239998,298.61038,11.08,2.10471
2023-11-15 04:00:00+00:00,3.0,11.4895,1.5895001,7.8229027,-1.6895907,0,0,35724.707,24474.287,3.1,3.2,0.0,0.0,0.0,0.0,0.0,0.0,13.441071,31.68,199.40105,10.07,1.5658841
2023-11-16 04:00:00+00:00,3.0,19.3395,4.6395,16.24244,1.8501015,0,0,35606.902,31599.256,3.15,3.15,0.0,0.0,0.0,0.0,0.0,0.0,10.00256,20.519999,198.07465,10.65,1.8142251
2023-11-17 04:00:00+00:00,3.0,19.5395,6.4895,16.709616,3.678637,0,0,35490.6,27923.982,2.75,3.1,0.0,0.0,0.0,0.0,0.0,0.0,21.602999,38.519997,180.1782,10.01,1.9706838
2023-11-18 04:00:00+00:00,3.0,15.789499,4.9395003,15.419971,0.25722408,0,0,35375.953,18000.0,2.95,3.05,0.0,0.0,0.0,0.0,0.0,13.0,25.862436,37.079998,306.26498,6.46,1.8277342
2023-11-19 04:00:00+00:00,1.0,13.039499,1.7395,8.37633,-1.7816179,0,0,35263.098,31373.191,3.05,3.05,0.0,0.0,0.0,0.0,0.0,0.0,23.686249,43.92,252.9044,10.41,2.020831
2023-11-20 04:00:00+00:00,3.0,7.3895,0.98950005,2.6976423,-2.7180142,0,0,35152.19,31297.918,3.0,3.0,0.0,0.0,0.0,0.0,0.0,0.0,17.49615,39.239998,344.32196,10.72,1.9116297
2023-11-21 04:00:00+00:00,61.0,7.4895,-0.0605,3.3824759,-4.79808,0,0,35043.387,6022.891,2.1,2.95,7.5999994,11.400001,0.0,0.0,6.0,100.0,22.007162,56.88,69.784225,4.58,1.146465
2023-11-22 04:00:00+00:00,65.0,12.039499,7.4895,9.319327,3.6746411,0,0,34936.824,9132.375,2.95,2.95,37.9,56.849995,0.0,0.0,8.0,100.0,29.301876,63.0,1.785225,5.11,0.8059668
2023-11-23 04:00:00+00:00,3.0,11.589499,5.7395,8.426269,1.5650344,0,0,34832.68,28800.0,2.95,2.95,0.0,0.0,0.0,0.0,0.0,0.0,25.277023,52.92,294.15314,9.78,1.7995954
2023-11-24 04:00:00+00:00,3.0,10.6895,0.98950005,5.5944433,-4.8715944,0,0,34731.1,21303.2,2.9,2.9,0.0,0.0,0.0,0.0,0.0,0.0,24.703974,41.039997,306.7365,8.47,2.0692031
2023-11-25 04:00:00+00:00,3.0,4.8395,-1.6105,1.4868941,-6.0513177,0,0,34632.246,30927.797,2.45,2.85,0.0,0.0,0.0,0.0,0.0,0.0,14.081477,34.92,329.60135,10.11,1.1946658
2023-11-26 04:00:00+00:00,63.0,10.839499,-0.6105,6.4994774,-4.1601696,0,0,34536.28,2082.5605,2.35,2.8,10.8,16.2,0.0,0.0,4.0,100.0,30.085318,71.28,71.602104,3.33,0.649302
2023-11-27 04:00:00+00:00,61.0,11.9395,4.0395,8.28656,-1.5130534,0,0,34443.375,19985.086,2.85,2.85,1.4,2.1,0.0,0.0,1.0,100.0,29.598919,65.520004,252.87946,7.74,1.7156488
2023-11-28 04:00:00+00:00,3.0,4.2895,-1.2105,-2.0584288,-6.738975,0,0,34353.69,25800.28,2.55,2.7,0.0,0.0,0.0,0.0,0.0,0.0,28.385262,48.6,268.26038,8.95,1.960427
2023-11-29 04:00:00+00:00,3.0,3.1894999,-4.4605,-2.6025004,-9.397077,0,0,34267.39,23447.025,2.7,2.75,0.0,0.0,0.0,0.0,0.0,0.0,18.335276,42.12,235.26791,9.17,1.5562676
2023-11-30 04:00:00+00:00,3.0,10.9395,-2.8105001,5.9531126,-7.2682533,0,0,34184.652,30493.773,2.6,2.7,0.0,0.0,0.0,0.0,0.0,0.0,17.026896,38.88,213.38852,9.57,1.9059633
2023-12-01 04:00:00+00:00,63.0,8.7395,1.8895,5.9020166,-1.1667864,0,0,34105.64,10136.568,1.5,2.7,6.8,10.2,0.0,0.0,4.0,100.0,11.27553,22.68,188.0213,6.03,0.81496227
2023-12-02 04:00:00+00:00,3.0,14.3895,7.6895003,13.677034,5.4903803,0,0,34030.527,17636.67,2.05,2.7,0.0,0.0,0.0,0.0,0.0,68.0,10.464797,24.48,215.76675,5.8,0.77802444
2023-12-03 04:00:00+00:00,63.0,9.7395,8.3895,8.163404,4.951248,0,0,33959.477,0.0,0.25,2.55,17.199999,25.799997,0.0,0.0,15.0,100.0,19.862083,43.56,53.606346,0.37,0.22880253
2023-12-04 04:00:00+00:00,3.0,10.6895,5.5395,6.725602,1.4814634,0,0,33892.4,19529.197,2.25,2.55,0.0,0.0,0.0,0.0,0.0,56.0,22.881956,34.92,252.81279,8.42,1.4020836
2023-12-05 04:00:00+00:00,3.0,5.8895,2.9394999,2.0915475,-1.3855867,0,0,33828.47,19352.738,2.15,2.55,0.0,0.0,0.0,0.0,0.0,0.0,11.901798,41.760002,302.136,7.51,1.1615895
2023-12-06 04:00:00+00:00,3.0,5.0395,0.68950003,0.46048975,-5.11483,0,0,33767.715,14791.967,2.4,2.45,0.0,0.0,0.0,0.0,0.0,0.0,22.9724,39.239998,323.84653,6.92,1.2411506
2023-12-07 04:00:00+00:00,51.0,3.1894999,-1.6105,-0.93560696,-6.1940684,0,0,33710.207,3354.5493,2.35,2.55,0.1,0.15,0.0,0.0,1.0,0.0,17.148247,33.839996,257.10318,3.97,0.8018093
2023-12-08 04:00:00+00:00,3.0,10.1395,0.8895,6.1894503,-2.9910111,0,0,33656.008,19802.684,2.65,2.65,0.0,0.0,0.0,0.0,0.0,0.0,13.324863,23.039999,194.47986,6.66,1.0823003
2023-12-09 04:00:00+00:00,3.0,14.6895,2.7394998,13.0311775,0.100939274,0,0,33605.21,21942.514,2.4,2.6,0.0,0.0,0.0,0.0,0.0,0.0,8.654986,23.759998,88.88764,7.46,1.0311275
2023-12-10 04:00:00+00:00,65.0,15.3895,7.2895,14.124962,5.373498,0,0,33557.867,0.0,0.9,2.4,26.0,38.999996,0.0,0.0,6.0,100.0,27.66384,64.079994,160.83188,1.66,0.40378183
2023-12-11 04:00:00+00:00,65.0,13.339499,2.2895,11.824537,-3.3498163,0,0,33514.07,13315.74,2.5,2.5,28.400002,42.6,0.0,0.0,9.0,100.0,31.575506,50.76,298.38354,5.29,1.1498255
2023-12-12 04:00:00+00:00,3.0,6.2895,0.0895,1.3498487,-4.1145673,0,0,33473.87,29705.783,2.45,2.45,0.0,0.0,0.0,0.0,0.0,0.0,17.429354,36.719997,233.49052,9.0,1.4475101
2023-12-13 04:00:00+00:00,0.0,8.3895,0.8895,2.755548,-3.1630144,0,0,33437.355,29665.158,2.45,2.45,0.0,0.0,0.0,0.0,0.0,0.0,21.028437,42.48,270.89514,9.0,1.8573716
2023-12-14 04:00:00+00:00,3.0,5.0395,-0.76049995,0.0651083,-5.3480835,0,0,33404.59,19842.492,2.4,2.4,0.0,0.0,0.0,0.0,0.0,0.0,16.1198,37.44,280.48785,8.21,1.421361
2023-12-15 04:00:00+00:00,2.0,14.3895,-0.2105,9.812336,-4.5392957,0,0,33375.637,29596.469,2.55,2.55,0.0,0.0,0.0,0.0,0.0,0.0,17.76081,40.68,242.01416,8.91,1.9629015
2023-12-16 04:00:00+00:00,3.0,12.589499,5.1895003,9.016136,1.4863033,0,0,33350.562,29568.562,2.5,2.5,0.0,0.0,0.0,0.0,0.0,0.0,14.986553,34.2,32.391384,8.69,1.4778621
2023-12-17 04:00:00+00:00,63.0,12.6895,7.9895005,11.265032,4.774252,0,0,33329.438,0.0,0.7,2.4,9.7,14.550001,0.0,0.0,6.0,100.0,16.563911,36.0,57.6898,1.49,0.3991583
2023-12-18 04:00:00+00:00,65.0,16.0395,5.4895,14.997999,0.18124485,0,0,33312.316,3839.5234,0.7,2.35,63.000004,94.50001,0.0,0.0,10.0,100.0,43.928852,100.799995,183.05998,2.1,0.9586472
2023-12-19 04:00:00+00:00,3.0,5.2895,-0.2105,0.8691473,-5.615614,0,0,33299.266,27499.791,2.4,2.4,0.0,0.0,0.0,0.0,0.0,0.0,24.675106,42.48,276.85187,8.74,1.4359647
2023-12-20 04:00:00+00:00,3.0,6.4895,-1.5605,3.051422,-7.0359573,0,0,33290.344,29501.555,2.45,2.45,0.0,0.0,0.0,0.0,0.0,0.0,17.709658,37.44,308.4398,8.96,1.413178
2023-12-21 04:00:00+00:00,45.0,4.7395,-0.9105,-0.7842133,-6.4002285,0,0,33285.61,29437.18,2.4,2.4,0.0,0.0,0.0,0.0,0.0,0.0,19.66536,38.88,336.355,9.04,1.3723062
2023-12-22 04:00:00+00:00,45.0,3.0895,-3.1105,-0.82684994,-7.975852,0,0,33285.113,24742.137,2.05,2.4,0.0,0.0,0.0,0.0,0.0,0.0,14.799459,29.88,349.75592,8.54,1.1042286
2023-12-23 04:00:00+00:00,3.0,5.6395,-0.9605,2.9605188,-4.471072,0,0,33288.91,29098.889,2.1,2.35,0.0,0.0,0.0,0.0,0.0,0.0,8.473393,16.919998,33.926647,7.93,0.89105517
2023-12-24 04:00:00+00:00,3.0,9.1395,3.4894998,7.6066427,0.25587654,0,0,33297.066,28545.152,1.1,2.3,0.0,0.0,0.0,0.0,0.0,35.0,7.9932976,14.4,357.4235,7.87,0.8804547
2023-12-25 04:00:00+00:00,3.0,8.8895,5.5395,7.3452663,3.30399,0,0,33309.613,3600.0,2.35,2.35,0.0,0.0,0.0,0.0,0.0,3.0,10.009036,16.919998,29.993727,4.1,0.48977855
2023-12-26 04:00:00+00:00,45.0,8.8895,6.3395,7.8158426,4.1361923,0,0,33326.49,0.0,1.5,2.4,0.0,0.0,0.0,0.0,0.0,0.0,8.0899935,14.04,68.541985,2.37,0.3772598
2023-12-27 04:00:00+00:00,63.0,8.339499,6.0895,5.8157578,3.6958141,0,0,33347.613,0.0,0.5,2.4,5.5,8.25,0.0,0.0,4.0,97.0,17.555305,38.88,47.98562,1.6,0.2685287
2023-12-28 04:00:00+00:00,65.0,11.539499,8.7395,10.069477,4.532878,0,0,33372.914,0.0,0.5,2.3,59.7,89.55,0.0,0.0,9.0,100.0,29.354904,54.36,35.90075,0.98,0.3230503
2023-12-29 04:00:00+00:00,3.0,12.1395,7.5395,9.182203,4.57358,0,0,33402.312,13651.248,2.3,2.35,0.0,0.0,0.0,0.0,0.0,25.0,14.84318,29.519999,244.70097,6.09,0.9844073
2023-12-30 04:00:00+00:00,3.0,7.7395,3.1395,4.5632267,-1.0019438,0,0,33435.73,10800.0,2.35,2.4,0.0,0.0,0.0,0.0,0.0,6.0,20.364674,34.56,264.81192,4.1,1.0103182
2023-12-31 04:00:00+00:00,3.0,5.9395003,2.1894999,2.1111784,-1.2389784,0,0,33473.082,7200.0,2.4,2.45,0.0,0.0,0.0,0.0,0.0,0.0,18.86139,33.48,285.48,6.27,1.1995593
2024-01-01 04:00:00+00:00,3.0,7.7395,2.3895,4.799818,-1.1782367,0,0,33514.29,14400.0,2.4,2.4,0.0,0.0,0.0,0.0,0.0,0.0,11.298495,27.0,293.94388,6.62,1.0437852
2024-01-02 04:00:00+00:00,3.0,5.9395003,-1.8605,1.7121019,-6.341886,0,0,33559.26,29052.062,2.4,2.4,0.0,0.0,0.0,0.0,0.0,0.0,14.8257065,28.08,307.15594,9.32,1.1556308
2024-01-03 04:00:00+00:00,3.0,6.3395,-1.2605,2.0192633,-5.532194,0,0,33607.926,13584.232,2.45,2.45,0.0,0.0,0.0,0.0,0.0,0.0,15.509274,25.919998,290.62994,6.82,1.088263
2024-01-04 04:00:00+00:00,3.0,6.3395,-1.4104999,0.92211914,-8.302263,0,0,33660.188,21600.0,2.4,2.4,0.0,0.0,0.0,0.0,0.0,0.0,26.368616,45.36,296.083,7.7,1.3808657
2024-01-05 04:00:00+00:00,3.0,3.2895,-3.2105,-1.9211164,-9.705204,0,0,33715.957,29315.002,2.5,2.5,0.0,0.0,0.0,0.0,0.0,0.0,26.208397,41.039997,288.49844,9.69,1.3510178
2024-01-06 04:00:00+00:00,61.0,2.9394999,-3.1105,-1.4482157,-6.343463,0,0,33775.15,7200.0,1.9,2.55,9.099999,13.650001,0.0,0.0,7.0,100.0,25.212852,61.56,50.79072,6.0,0.6729547
2024-01-07 04:00:00+00:00,63.0,2.5395,1.0395,-1.5446191,-4.20802,0,0,33837.68,0.0,1.8,2.6,9.599999,14.4000025,0.0,0.0,10.0,100.0,25.068514,60.120003,353.53864,2.36,0.3992446
2024-01-08 04:00:00+00:00,3.0,6.8395,0.5395,2.3176289,-4.48359,0,0,33903.453,27204.41,2.55,2.55,0.0,0.0,0.0,0.0,0.0,0.0,21.638964,51.839996,312.26822,8.46,1.2564819
2024-01-09 04:00:00+00:00,63.0,12.4895,-1.7605,7.048992,-5.0750957,0,0,33972.387,863.91223,1.05,2.5,25.3,37.95,0.0,0.0,9.0,100.0,38.445908,111.24,99.960625,3.56,0.6369461
2024-01-10 04:00:00+00:00,65.0,13.4895,6.8395,11.5151005,-0.112962246,0,0,34044.395,13889.744,2.45,2.45,28.1,42.15,0.0,0.0,2.0,100.0,40.03129,95.76,229.69382,7.75,2.2005107
2024-01-11 04:00:00+00:00,3.0,8.2395,4.2395,3.200016,-0.35862732,0,0,34119.38,25784.352,2.55,2.55,0.0,0.0,0.0,0.0,0.0,0.0,23.042812,52.199997,236.84013,8.63,1.9779317
2024-01-12 04:00:00+00:00,3.0,10.1395,1.2895,6.4024696,-2.6908622,0,0,34197.258,25804.809,2.55,2.6,0.0,0.0,0.0,0.0,0.0,74.0,21.316135,51.839996,118.20419,9.89,1.7536337
2024-01-13 04:00:00+00:00,65.0,14.839499,1.2895,11.825663,-5.319994,0,0,34278.24,18289.543,2.65,2.65,31.7,47.55,0.0,0.0,8.0,100.0,33.549606,82.799995,204.951,7.37,1.7962784
2024-01-14 04:00:00+00:00,3.0,5.2395,-2.2605002,-1.6221557,-8.474047,0,0,34363.18,18653.56,2.65,2.65,0.0,0.0,0.0,0.0,0.0,3.0,40.53159,69.84,237.99915,7.17,1.9050211
2024-01-15 04:00:00+00:00,51.0,-1.6105,-4.8605,-6.796814,-9.97398,0,0,34451.957,29481.762,2.65,2.7,0.4,0.6,0.0,0.0,1.0,19.0,17.518356,34.56,254.71707,9.81,1.3717195
2024-01-16 04:00:00+00:00,66.0,-0.76049995,-4.8104997,-4.696995,-11.071632,0,0,34544.41,0.0,0.55,3.05,10.599998,15.900001,0.0,0.0,14.0,100.0,20.316889,51.48,334.6661,1.39,0.30546242
2024-01-17 04:00:00+00:00,3.0,-4.4605,-8.460501,-11.395146,-14.450983,0,0,34640.348,29545.443,3.05,3.05,0.0,0.0,0.0,0.0,0.0,0.0,25.277023,55.8,262.46063,11.21,1.1629277
2024-01-18 04:00:00+00:00,3.0,-0.5105,-6.9105,-4.599685,-12.574636,0,0,34739.605,12525.464,2.2,3.1,0.0,0.0,0.0,0.0,0.0,0.0,15.7908325,45.0,232.47243,8.02,1.0476868
2024-01-19 04:00:00+00:00,73.0,-0.81049997,-5.3104997,-4.5202184,-10.067244,0,0,34841.992,1233.0271,1.6,2.95,1.6,0.6,0.0,0.84000003,4.0,94.0,16.071491,36.719997,0.21377613,6.24,0.5443635
2024-01-20 04:00:00+00:00,3.0,-4.0605,-9.1105,-9.383276,-15.0014,0,0,34947.35,23684.533,3.0,3.05,0.0,0.0,0.0,0.0,0.0,0.0,27.231804,48.6,294.9284,10.54,1.101934
2024-01-21 04:00:00+00:00,3.0,-1.6105,-8.2605,-8.159918,-13.839216,0,0,35055.5,29699.836,3.05,3.05,0.0,0.0,0.0,0.0,0.0,0.0,27.41678,47.16,302.06235,11.3,1.2640182
2024-01-22 04:00:00+00:00,45.0,2.9394999,-7.0105,-2.6381333,-11.341843,0,0,35166.273,21958.336,3.0,3.05,0.0,0.0,0.0,0.0,0.0,0.0,18.35647,33.48,229.17616,10.29,1.2480012
2024-01-23 04:00:00+00:00,51.0,4.5395,-0.7105,1.9864793,-5.8416634,0,0,35279.504,3600.0,0.8,3.0,0.8,1.0,0.0,0.0,2.0,58.0,14.618837,39.6,244.585,4.27,0.7297445
2024-01-24 04:00:00+00:00,61.0,6.4395003,0.9395,3.642674,-1.8447123,0,0,35395.027,0.0,1.2,3.05,2.2,2.4,0.0,0.0,2.0,84.0,9.793059,25.199999,71.15056,1.69,0.30189955
2024-01-25 04:00:00+00:00,61.0,13.2395,5.1895003,13.2449,3.6299448,0,0,35512.69,0.0,1.3,3.1,4.8,5.7,0.0,0.0,7.0,100.0,15.273505,25.56,256.07895,3.05,0.50313926
2024-01-26 04:00:00+00:00,55.0,9.539499,4.8895,6.8656254,1.1915655,0,0,35632.324,0.0,0.85,3.0,2.6000001,2.8000002,0.0,0.0,3.0,100.0,17.373497,38.16,57.765137,1.88,0.27005047
2024-01-27 04:00:00+00:00,45.0,7.8395,5.0395,5.906414,2.5144873,0,0,35753.777,9921.552,2.4,3.05,0.0,0.0,0.0,0.0,0.0,0.0,11.212135,19.44,12.192247,5.49,0.7266638
2024-01-28 04:00:00+00:00,71.0,5.3895,2.4394999,3.004459,-2.6898003,0,0,35876.895,0.0,0.5,2.95,21.0,22.051,0.0,0.13929999,14.0,100.0,25.77962,53.28,39.25134,0.93,0.20622922
2024-01-29 04:00:00+00:00,51.0,3.8395,0.2895,-1.0722501,-3.7052407,0,0,36001.53,5938.8564,2.85,3.05,0.8,0.99600005,0.0,0.0028000001,2.0,94.0,25.071096,55.079998,347.30344,5.44,0.630383
2024-01-30 04:00:00+00:00,3.0,2.6395,-0.010499999,-0.3009119,-3.5232153,0,0,36127.535,3600.0,2.2,3.1,0.0,0.0,0.0,0.0,0.0,0.0,11.212135,25.919998,52.901512,4.83,0.5990947
2024-01-31 04:00:00+00:00,3.0,3.4894998,0.68950003,0.49095154,-3.0125532,0,0,36254.754,0.0,2.8,3.15,0.0,0.0,0.0,0.0,0.0,6.0,11.367109,27.359999,121.74526,3.39,0.4920609
2024-02-01 04:00:00+00:00,3.0,6.4395003,0.3895,3.579576,-2.5486677,0,0,36383.062,0.0,2.9,3.2,0.0,0.0,0.0,0.0,0.0,0.0,11.480557,27.359999,209.89034,3.33,0.50289893
2024-02-02 04:00:00+00:00,61.0,5.7895,2.7895,3.7041674,-1.9029989,0,0,36512.73,0.0,1.7,3.0,6.8999996,8.400001,0.0,0.0,9.0,97.0,19.770523,40.32,337.4949,3.19,0.59550935
2024-02-03 04:00:00+00:00,3.0,5.7395,-0.1605,-0.014355183,-5.082163,0,0,36645.008,31592.412,3.3,3.3,0.0,0.0,0.0,0.0,0.0,0.0,22.206486,45.719997,346.28748,12.6,1.7099166
2024-02-04 04:00:00+00:00,1.0,7.8895,-2.1105,3.1224813,-6.253775,0,0,36779.805,32413.338,3.35,3.35,0.0,0.0,0.0,0.0,0.0,0.0,13.849477,28.44,333.66238,13.02,1.7026678
2024-02-05 04:00:00+00:00,0.0,6.8395,-1.0105,1.4327221,-5.4602885,0,0,36916.95,33167.883,3.45,3.45,0.0,0.0,0.0,0.0,0.0,0.0,19.416653,52.92,346.90808,13.16,2.0501041
2024-02-06 04:00:00+00:00,0.0,5.8395,-3.8605,0.77264786,-8.809347,0,0,37056.266,33247.43,3.45,3.45,0.0,0.0,0.0,0.0,0.0,0.0,16.92383,38.88,358.1209,13.15,1.8872172
2024-02-07 04:00:00+00:00,0.0,8.4895,-1.2105,4.496874,-5.729707,0,0,37197.586,33676.76,3.5,3.5,0.0,0.0,0.0,0.0,0.0,0.0,11.525623,19.8,355.20505,13.26,1.7147425
2024-02-08 04:00:00+00:00,3.0,11.289499,0.039500006,8.518645,-3.3695238,0,0,37340.73,33053.152,3.65,3.65,0.0,0.0,0.0,0.0,0.0,0.0,13.661038,22.319998,151.58246,13.09,1.7851658
2024-02-09 04:00:00+00:00,3.0,11.339499,3.5895,8.262791,0.64369106,0,0,37485.543,31034.512,3.55,3.65,0.0,0.0,0.0,0.0,0.0,0.0,16.575644,28.08,151.03911,12.0,1.4419963
2024-02-10 04:00:00+00:00,3.0,15.4395,4.3395,12.600592,1.8144908,0,0,37631.855,20482.594,2.45,3.7,0.0,0.0,0.0,0.0,0.0,29.0,12.879752,27.0,206.87589,11.13,1.7271092
2024-02-11 04:00:00+00:00,3.0,10.839499,5.6895003,9.016838,2.294032,0,0,37779.516,17888.234,2.2,3.75,0.0,0.0,0.0,0.0,0.0,0.0,19.228851,42.12,312.31824,11.31,1.7353114
2024-02-12 04:00:00+00:00,3.0,8.4895,1.0895001,5.8877974,-2.1638105,0,0,37928.36,26985.943,3.25,3.8,0.0,0.0,0.0,0.0,0.0,0.0,11.212135,24.119999,348.84534,13.04,1.6421927
2024-02-13 04:00:00+00:00,63.0,4.7395,-0.2605,0.46826172,-5.7685146,0,0,38078.24,7200.0,3.0,4.3,28.3,42.450005,0.0,0.0,10.0,100.0,22.206486,50.76,348.10367,8.63,0.9293982
2024-02-14 04:00:00+00:00,3.0,1.9395,-2.3105001,-3.036529,-9.366123,0,0,38229.004,34830.355,4.4,4.4,0.0,0.0,0.0,0.0,0.0,0.0,31.688177,60.120003,290.81747,15.0,2.060399
2024-02-15 04:00:00+00:00,3.0,2.9894998,-5.1605,-0.7551465,-10.017385,0,0,38380.508,24113.004,4.15,4.3,0.0,0.0,0.0,0.0,0.0,0.0,19.881649,48.6,236.54414,13.81,1.7173986
2024-02-16 04:00:00+00:00,3.0,6.1395,0.73950005,-0.45937824,-5.4600043,0,0,38532.6,34996.47,4.0,4.0,0.0,0.0,0.0,0.0,0.0,0.0,36.26006,61.920002,280.48587,15.13,2.3202636
2024-02-17 04:00:00+00:00,61.0,1.5395,-2.3605,-2.3323324,-7.77356,0,0,38685.156,8502.019,3.3,4.0,7.6,11.400001,0.0,0.0,7.0,100.0,25.161398,39.239998,304.10876,8.09,1.0494671
2024-02-18 04:00:00+00:00,0.0,4.4895,-5.8104997,-2.2371435,-11.005541,0,0,38838.02,35165.453,3.95,3.95,0.0,0.0,0.0,0.0,0.0,0.0,33.857227,56.88,229.80937,15.33,1.8811593
2024-02-19 04:00:00+00:00,3.0,4.9395003,-1.1105,-0.58659244,-5.7655582,0,0,38991.06,35250.777,4.15,4.15,0.0,0.0,0.0,0.0,0.0,0.0,26.496098,38.519997,291.95947,15.84,2.1788445
2024-02-20 04:00:00+00:00,45.0,3.7895,-3.2105,0.20245552,-8.781115,0,0,39144.14,35336.527,4.15,4.15,0.0,0.0,0.0,0.0,0.0,0.0,15.827721,28.8,33.41232,15.94,1.9271348
2024-02-21 04:00:00+00:00,3.0,4.5395,-3.8105001,0.6175771,-7.637516,0,0,39297.13,11696.88,4.05,4.1,0.0,0.0,0.0,0.0,0.0,0.0,12.413476,21.24,83.50074,7.21,1.0246779
2024-02-22 04:00:00+00:00,3.0,6.1895003,-0.41050002,1.5450034,-4.001773,0,0,39450.32,20093.807,4.1,4.2,0.0,0.0,0.0,0.0,0.0,58.0,17.414476,38.519997,155.49738,12.31,1.3169202
2024-02-23 04:00:00+00:00,55.0,7.8395,4.1395,5.3089285,1.8205395,0,0,39604.965,0.0,1.55,4.1,2.6000001,3.9,0.0,0.0,4.0,100.0,11.592895,20.519999,346.46753,5.41,0.7151948
2024-02-24 04:00:00+00:00,3.0,6.6395,-1.4104999,2.1847982,-6.9708853,0,0,39761.023,21600.0,4.35,4.35,0.0,0.0,0.0,0.0,0.0,3.0,22.657131,39.239998,312.1943,14.67,2.2680562
2024-02-25 04:00:00+00:00,3.0,4.1395,-5.5105,-0.5067582,-10.681018,0,0,39918.367,35777.7,4.3,4.3,0.0,0.0,0.0,0.0,0.0,0.0,16.92383,29.519999,232.0578,16.71,1.9561833
2024-02-26 04:00:00+00:00,3.0,11.9395,-0.56049997,8.444134,-5.1673665,0,0,40076.863,29663.564,4.25,4.35,0.0,0.0,0.0,0.0,0.0,0.0,18.214718,32.039997,184.60878,13.72,1.7886319
2024-02-27 04:00:00+00:00,63.0,11.7395,2.4394999,8.952074,-0.5945716,0,0,40236.37,14960.063,4.4,4.4,9.0,13.5,0.0,0.0,3.0,100.0,16.854767,48.96,88.76948,10.97,1.2864544
2024-02-28 04:00:00+00:00,61.0,13.9895,9.8895,12.257631,3.7524576,0,0,40396.785,0.0,1.3,4.35,4.5,6.7499995,0.0,0.0,8.0,100.0,35.069984,72.36,173.17369,4.49,0.92819506
2024-02-29 04:00:00+00:00,3.0,7.3395,-0.9105,0.0011324883,-8.284105,0,0,40557.957,23885.537,4.55,4.55,0.0,0.0,0.0,0.0,0.0,61.0,39.732323,73.799995,284.32877,15.77,2.6156037
2024-03-01 04:00:00+00:00,3.0,6.9895,-3.5105002,3.0282812,-7.5943427,0,0,40719.777,36032.176,4.7,4.7,0.0,0.0,0.0,0.0,0.0,0.0,20.456745,32.760002,175.12082,17.32,2.2121055
2024-03-02 04:00:00+00:00,65.0,11.3895,2.7895,9.105871,-0.43830228,0,0,40882.113,0.0,0.45,4.55,30.3,45.450005,0.0,0.0,10.0,100.0,20.018072,51.48,79.76805,2.37,0.4349611
2024-03-03 04:00:00+00:00,3.0,18.8895,8.1395,17.937044,5.639209,0,0,41044.86,36000.0,4.85,4.85,0.0,0.0,0.0,0.0,0.0,4.0,13.18308,30.960001,309.49957,16.88,2.4686756
2024-03-04 04:00:00+00:00,3.0,13.4895,7.2395,10.639716,4.09585,0,0,41207.883,15295.514,4.8,4.85,0.0,0.0,0.0,0.0,0.0,0.0,17.283749,30.599998,64.631935,9.64,1.4099604
2024-03-05 04:00:00+00:00,63.0,7.1895003,5.0895,5.0297556,0.19850731,0,0,41371.066,0.0,0.75,4.7,15.299999,22.95,0.0,0.0,9.0,100.0,24.27265,39.6,41.839584,1.13,0.26305783
2024-03-06 04:00:00+00:00,63.0,9.6395,7.1395,8.795804,2.6577005,0,0,41534.305,0.0,2.65,5.05,28.9,43.35,0.0,0.0,10.0,100.0,24.248611,38.88,49.12768,3.72,0.56733054
2024-03-07 04:00:00+00:00,61.0,11.089499,7.1395,7.571702,2.8293962,0,0,41697.47,0.0,0.7,4.9,4.0,6.0,0.0,0.0,5.0,100.0,25.729298,52.92,349.60974,3.29,1.0881852
2024-03-08 04:00:00+00:00,3.0,13.589499,3.1395,9.871391,-0.8739543,0,0,41860.453,36929.477,4.7,5.05,0.0,0.0,0.0,0.0,0.0,0.0,23.411074,52.199997,32.377888,18.99,2.9112344
2024-03-09 04:00:00+00:00,65.0,7.2395,4.7895,2.7057137,0.24527359,0,0,42023.137,0.0,3.05,5.05,23.4,35.1,0.0,0.0,6.0,100.0,27.722336,73.079994,97.945786,2.17,0.6514164
2024-03-10 04:00:00+00:00,65.0,9.1895,1.9894999,5.695177,-4.8079233,0,0,42185.414,9508.303,3.15,5.0,28.4,42.6,0.0,0.0,2.0,100.0,34.743263,55.44,276.15125,10.8,1.7169893
2024-03-11 04:00:00+00:00,3.0,11.4895,0.9395,2.7577014,-6.2501397,0,0,42347.164,37223.19,5.1,5.1,0.0,0.0,0.0,0.0,0.0,7.0,49.004974,83.520004,287.04453,19.94,3.9893656
2024-03-12 04:00:00+00:00,2.0,18.6395,5.0895,13.267855,-0.50759125,0,0,42508.277,37320.33,5.25,5.25,0.0,0.0,0.0,0.0,0.0,0.0,27.248457,60.120003,274.1576,19.48,4.4174933
2024-03-13 04:00:00+00:00,3.0,17.0895,6.8895,13.856569,4.2707624,0,0,42669.016,34612.773,4.6,5.3,0.0,0.0,0.0,0.0,0.0,0.0,17.10284,23.4,139.9914,18.62,3.1149497
2024-03-14 04:00:00+00:00,45.0,22.689499,5.7895,20.874563,3.0182328,0,0,42830.535,37514.633,5.4,5.4,0.0,0.0,0.0,0.0,0.0,0.0,17.208603,35.64,129.67421,19.26,3.5067532
2024-03-15 04:00:00+00:00,3.0,21.689499,10.789499,19.496357,8.516738,0,0,42992.816,27827.902,4.3,5.45,0.0,0.0,0.0,0.0,0.0,32.0,29.157776,50.039997,280.78424,15.32,3.604751
2024-03-16 04:00:00+00:00,3.0,15.4395,7.5895,12.271187,4.28944,0,0,43155.754,37712.09,5.45,5.45,0.0,0.0,0.0,0.0,0.0,0.0,24.192429,32.039997,202.56966,18.9,2.9873466
2024-03-17 04:00:00+00:00,3.0,16.7895,8.9895,11.073134,5.465147,0,0,43319.246,33227.855,5.55,5.6,0.0,0.0,0.0,0.0,0.0,0.0,29.738703,57.6,252.85156,19.41,3.916525
2024-03-18 04:00:00+00:00,3.0,10.531,3.7810001,5.374753,-2.4102595,0,0,43483.234,16308.975,5.35,5.65,0.0,0.0,0.0,0.0,0.0,0.0,24.079666,38.16,293.69418,14.66,3.3185072
2024-03-19 04:00:00+00:00,3.0,7.931,0.681,2.0359802,-5.4980187,0,0,43647.23,23609.418,5.35,5.5,0.0,0.0,0.0,0.0,0.0,0.0,30.926493,48.6,269.68445,18.45,2.9221199
2024-03-20 04:00:00+00:00,3.0,13.8810005,1.6309999,9.174525,-5.4545736,0,0,43811.477,5710.135,5.5,5.6,0.0,0.0,0.0,0.0,0.0,55.0,30.811037,61.920002,257.48965,12.07,2.418097
2024-03-21 04:00:00+00:00,2.0,6.0309997,-2.319,-0.5724349,-8.715968,0,0,43975.867,38211.016,5.8,5.8,0.0,0.0,0.0,0.0,0.0,0.0,29.519999,54.36,289.03732,21.97,3.2279747
2024-03-22 04:00:00+00:00,3.0,5.7809997,-4.169,2.1994705,-8.602259,0,0,44140.31,38311.953,5.75,5.75,0.0,0.0,0.0,0.0,0.0,0.0,15.277749,32.039997,178.12216,20.8,2.6256168
2024-03-23 04:00:00+00:00,65.0,10.581,2.131,7.822263,-4.895591,0,0,44304.688,0.0,0.5,5.6,83.1,124.649994,0.0,0.0,14.0,100.0,38.803257,72.36,359.80533,1.66,0.5573968
2024-03-24 04:00:00+00:00,0.0,8.531,-1.069,3.5686026,-6.991215,0,0,44468.91,38525.574,5.85,5.85,0.0,0.0,0.0,0.0,0.0,0.0,29.024128,62.279995,345.47125,22.58,2.927547
